[
    {
        "id": "256",
        "firstName": "Reese",
        "lastName": "Avery",
        "middle": "Veronica",
        "title": "Ms.",
        "street": "P.O. Box 671, 9435 Vitae Road",
        "city": "Norwich",
        "state": "HI",
        "zip": "58015",
        "departmentId": "1",
        "dateHired": "06\/23\/2004",
        "dateFired": null,
        "dob": "08\/28\/1942",
        "rate": "60",
        "officePhone": "216-596-8304",
        "homePhone": "233-551-7727",
        "mobilePhone": "429-982-9532",
        "email": "ultrices.a@luctus.org",
        "fullName": "Avery, Reese"
    },
    {
        "id": "215",
        "firstName": "Chadwick",
        "lastName": "Ballard",
        "middle": "Lucy",
        "title": "",
        "street": "P.O. Box 187, 7586 Neque Av.",
        "city": "Indio",
        "state": "OH",
        "zip": "97273",
        "departmentId": "1",
        "dateHired": "09\/20\/2006",
        "dateFired": null,
        "dob": "01\/06\/1976",
        "rate": "90",
        "officePhone": "732-540-3200",
        "homePhone": "506-978-7857",
        "mobilePhone": "959-211-3374",
        "email": "sem@infaucibusorci.edu",
        "fullName": "Ballard, Chadwick"
    },
    {
        "id": "113",
        "firstName": "Wade",
        "lastName": "Bradshaw",
        "middle": "Geoffrey",
        "title": "Dr.",
        "street": "6203 Arcu. Rd.",
        "city": "Coatesville",
        "state": "DE",
        "zip": "91458",
        "departmentId": "1",
        "dateHired": "04\/13\/2001",
        "dateFired": null,
        "dob": "11\/09\/1974",
        "rate": "131",
        "officePhone": "632-325-7791",
        "homePhone": "251-533-6100",
        "mobilePhone": "248-663-8670",
        "email": "facilisis.facilisis@Aeneaneuismod.org",
        "fullName": "Bradshaw, Wade"
    },
    {
        "id": "102",
        "firstName": "Aidan",
        "lastName": "Callahan",
        "middle": "Shoshana",
        "title": "Mrs.",
        "street": "Ap #134-7701 Egestas, Av.",
        "city": "Waukegan",
        "state": "NH",
        "zip": "16470",
        "departmentId": "1",
        "dateHired": "12\/06\/2005",
        "dateFired": null,
        "dob": "06\/22\/1949",
        "rate": "89",
        "officePhone": "876-960-7407",
        "homePhone": "836-655-6891",
        "mobilePhone": "237-228-5874",
        "email": "cursus@vitaemauris.com",
        "fullName": "Callahan, Aidan"
    },
    {
        "id": "572",
        "firstName": "Brittany",
        "lastName": "Carrillo",
        "middle": "Justin",
        "title": "Mrs.",
        "street": "1788 Tristique Rd.",
        "city": "Signal Hill",
        "state": "DC",
        "zip": "52644",
        "departmentId": "1",
        "dateHired": "03\/30\/2007",
        "dateFired": null,
        "dob": "03\/14\/1988",
        "rate": "150",
        "officePhone": "586-169-1369",
        "homePhone": "992-893-9890",
        "mobilePhone": "120-304-8242",
        "email": "cursus.Nunc.mauris@vellectus.edu",
        "fullName": "Carrillo, Brittany"
    },
    {
        "id": "346",
        "firstName": "Davis",
        "lastName": "Charles",
        "middle": "Pascale",
        "title": "Ms.",
        "street": "Ap #825-1603 Curabitur St.",
        "city": "Covington",
        "state": "AZ",
        "zip": "85007",
        "departmentId": "1",
        "dateHired": "07\/16\/2002",
        "dateFired": null,
        "dob": "11\/16\/1973",
        "rate": "55",
        "officePhone": "162-546-7455",
        "homePhone": "988-167-2844",
        "mobilePhone": "344-268-1201",
        "email": "molestie@convallis.edu",
        "fullName": "Charles, Davis"
    },
    {
        "id": "154",
        "firstName": "Stacey",
        "lastName": "Chavez",
        "middle": "Tashya",
        "title": "Mr.",
        "street": "7798 Pellentesque. Street",
        "city": "Dana Point",
        "state": "ME",
        "zip": "58041",
        "departmentId": "1",
        "dateHired": "11\/06\/2004",
        "dateFired": null,
        "dob": "05\/17\/1970",
        "rate": "29",
        "officePhone": "749-877-7685",
        "homePhone": "272-480-9359",
        "mobilePhone": "261-857-2573",
        "email": "risus.In.mi@nonlacinia.edu",
        "fullName": "Chavez, Stacey"
    },
    {
        "id": "91",
        "firstName": "Rashad",
        "lastName": "Chen",
        "middle": "Roary",
        "title": "",
        "street": "Ap #720-1827 Nunc Av.",
        "city": "Burlington",
        "state": "AL",
        "zip": "60223",
        "departmentId": "1",
        "dateHired": "04\/27\/2001",
        "dateFired": null,
        "dob": "12\/22\/1975",
        "rate": "130",
        "officePhone": "776-998-1060",
        "homePhone": "947-905-4900",
        "mobilePhone": "692-260-2578",
        "email": "Sed.congue.elit@pedeNuncsed.org",
        "fullName": "Chen, Rashad"
    },
    {
        "id": "493",
        "firstName": "Riley",
        "lastName": "Christian",
        "middle": "Tad",
        "title": "Mr.",
        "street": "P.O. Box 613, 2699 Faucibus Avenue",
        "city": "Pass Christian",
        "state": "GA",
        "zip": "05380",
        "departmentId": "1",
        "dateHired": "11\/14\/2008",
        "dateFired": null,
        "dob": "10\/27\/1960",
        "rate": "131",
        "officePhone": "634-477-5813",
        "homePhone": "300-837-5145",
        "mobilePhone": "244-784-4204",
        "email": "sollicitudin.orci@enimEtiamimperdiet.ca",
        "fullName": "Christian, Riley"
    },
    {
        "id": "342",
        "firstName": "Venus",
        "lastName": "Cline",
        "middle": "Dennis",
        "title": "",
        "street": "681-4719 Duis Street",
        "city": "Frisco",
        "state": "FL",
        "zip": "29518",
        "departmentId": "1",
        "dateHired": "07\/05\/2001",
        "dateFired": null,
        "dob": "11\/29\/1958",
        "rate": "135",
        "officePhone": "145-751-3698",
        "homePhone": "602-563-8007",
        "mobilePhone": "878-570-5980",
        "email": "sed.pede@Integertinciduntaliquam.edu",
        "fullName": "Cline, Venus"
    },
    {
        "id": "418",
        "firstName": "Zeus",
        "lastName": "Colon",
        "middle": "Emma",
        "title": "Ms.",
        "street": "P.O. Box 145, 7176 Interdum. Avenue",
        "city": "Cape May",
        "state": "AZ",
        "zip": "86786",
        "departmentId": "1",
        "dateHired": "04\/25\/2006",
        "dateFired": null,
        "dob": "06\/29\/1975",
        "rate": "110",
        "officePhone": "181-476-5506",
        "homePhone": "465-351-5035",
        "mobilePhone": "424-339-7258",
        "email": "felis.Nulla@convallis.edu",
        "fullName": "Colon, Zeus"
    },
    {
        "id": "504",
        "firstName": "Rinah",
        "lastName": "Dillon",
        "middle": "Mercedes",
        "title": "Ms.",
        "street": "P.O. Box 913, 3778 Libero Road",
        "city": "Durango",
        "state": "HI",
        "zip": "47043",
        "departmentId": "1",
        "dateHired": "03\/04\/2007",
        "dateFired": null,
        "dob": "10\/05\/1942",
        "rate": "40",
        "officePhone": "564-657-6415",
        "homePhone": "853-878-7107",
        "mobilePhone": "172-689-8759",
        "email": "quam.elementum@elitelit.edu",
        "fullName": "Dillon, Rinah"
    },
    {
        "id": "326",
        "firstName": "Hilel",
        "lastName": "Francis",
        "middle": "Ethan",
        "title": "",
        "street": "5322 Montes, Street",
        "city": "Santa Ana",
        "state": "UT",
        "zip": "37920",
        "departmentId": "1",
        "dateHired": "07\/29\/2002",
        "dateFired": null,
        "dob": "12\/16\/1948",
        "rate": "101",
        "officePhone": "542-680-2615",
        "homePhone": "495-453-1402",
        "mobilePhone": "851-131-8770",
        "email": "Mauris.blandit@felisDonectempor.org",
        "fullName": "Francis, Hilel"
    },
    {
        "id": "223",
        "firstName": "Griffin",
        "lastName": "Frazier",
        "middle": "Isadora",
        "title": "Dr.",
        "street": "6668 Et Street",
        "city": "East Lansing",
        "state": "LA",
        "zip": "72454",
        "departmentId": "1",
        "dateHired": "11\/23\/2004",
        "dateFired": null,
        "dob": "04\/01\/1969",
        "rate": "72",
        "officePhone": "744-484-6358",
        "homePhone": "341-591-8757",
        "mobilePhone": "574-820-5581",
        "email": "tellus.Nunc.lectus@nonantebibendum.edu",
        "fullName": "Frazier, Griffin"
    },
    {
        "id": "85",
        "firstName": "Leila",
        "lastName": "Frederick",
        "middle": "Yen",
        "title": "Ms.",
        "street": "P.O. Box 293, 8075 Urna St.",
        "city": "Passaic",
        "state": "LA",
        "zip": "50492",
        "departmentId": "1",
        "dateHired": "02\/09\/2000",
        "dateFired": null,
        "dob": "08\/03\/1974",
        "rate": "29",
        "officePhone": "258-415-5374",
        "homePhone": "367-190-5651",
        "mobilePhone": "922-672-9365",
        "email": "Nunc@Suspendisse.org",
        "fullName": "Frederick, Leila"
    },
    {
        "id": "139",
        "firstName": "Camille",
        "lastName": "French",
        "middle": "Anjolie",
        "title": "Mrs.",
        "street": "Ap #474-9737 Fermentum Av.",
        "city": "Joliet",
        "state": "OH",
        "zip": "23994",
        "departmentId": "1",
        "dateHired": "08\/22\/2005",
        "dateFired": null,
        "dob": "11\/16\/1948",
        "rate": "92",
        "officePhone": "785-902-2414",
        "homePhone": "614-186-8297",
        "mobilePhone": "909-428-4213",
        "email": "enim.diam.vel@leo.com",
        "fullName": "French, Camille"
    },
    {
        "id": "2",
        "firstName": "Gillian",
        "lastName": "Fry",
        "middle": "Destiny",
        "title": "Mrs.",
        "street": "P.O. Box 773, 1323 Leo. Road",
        "city": "Peekskill",
        "state": "SC",
        "zip": "69702",
        "departmentId": "1",
        "dateHired": "06\/19\/2007",
        "dateFired": null,
        "dob": "10\/26\/1945",
        "rate": "48",
        "officePhone": "544-183-6676",
        "homePhone": "381-996-7045",
        "mobilePhone": "818-376-6056",
        "email": "felis.orci@Sedmolestie.com",
        "fullName": "Fry, Gillian"
    },
    {
        "id": "500",
        "firstName": "Nola",
        "lastName": "Gardner",
        "middle": "Leilani",
        "title": "Mrs.",
        "street": "5760 Volutpat. Rd.",
        "city": "San Bernardino",
        "state": "IA",
        "zip": "90854",
        "departmentId": "1",
        "dateHired": "06\/14\/2001",
        "dateFired": null,
        "dob": "12\/12\/1987",
        "rate": "57",
        "officePhone": "991-781-7435",
        "homePhone": "959-593-5324",
        "mobilePhone": "574-616-5160",
        "email": "semper.pretium@risus.edu",
        "fullName": "Gardner, Nola"
    },
    {
        "id": "258",
        "firstName": "Fitzgerald",
        "lastName": "Garner",
        "middle": "Clementine",
        "title": "Ms.",
        "street": "Ap #968-3409 Ante Av.",
        "city": "Culver City",
        "state": "WA",
        "zip": "94275",
        "departmentId": "1",
        "dateHired": "12\/09\/2002",
        "dateFired": null,
        "dob": "02\/23\/1969",
        "rate": "29",
        "officePhone": "850-775-2367",
        "homePhone": "155-572-8508",
        "mobilePhone": "134-979-4030",
        "email": "vitae@dolorsit.org",
        "fullName": "Garner, Fitzgerald"
    },
    {
        "id": "409",
        "firstName": "Levi",
        "lastName": "Gray",
        "middle": "Mufutau",
        "title": "Dr.",
        "street": "P.O. Box 228, 2455 Neque Rd.",
        "city": "Enfield",
        "state": "MA",
        "zip": "93561",
        "departmentId": "1",
        "dateHired": "08\/06\/2008",
        "dateFired": null,
        "dob": "09\/29\/1985",
        "rate": "61",
        "officePhone": "674-848-9276",
        "homePhone": "911-856-7698",
        "mobilePhone": "194-708-1110",
        "email": "ligula.Nullam.enim@Sed.org",
        "fullName": "Gray, Levi"
    },
    {
        "id": "57",
        "firstName": "Dylan",
        "lastName": "Harrington",
        "middle": "Abdul",
        "title": "Ms.",
        "street": "404-8089 Mi Street",
        "city": "Narragansett",
        "state": "WA",
        "zip": "18909",
        "departmentId": "1",
        "dateHired": "09\/06\/2005",
        "dateFired": null,
        "dob": "06\/25\/1948",
        "rate": "118",
        "officePhone": "645-767-5559",
        "homePhone": "222-470-9313",
        "mobilePhone": "660-448-8434",
        "email": "dolor@imperdieterat.org",
        "fullName": "Harrington, Dylan"
    },
    {
        "id": "512",
        "firstName": "May",
        "lastName": "Harrington",
        "middle": "Graham",
        "title": "Mrs.",
        "street": "Ap #394-283 Nibh Rd.",
        "city": "Albany",
        "state": "AK",
        "zip": "60282",
        "departmentId": "1",
        "dateHired": "07\/05\/2005",
        "dateFired": null,
        "dob": "01\/07\/1980",
        "rate": "82",
        "officePhone": "920-564-1905",
        "homePhone": "188-301-8709",
        "mobilePhone": "975-879-5378",
        "email": "tempus@famesac.org",
        "fullName": "Harrington, May"
    },
    {
        "id": "136",
        "firstName": "Colleen",
        "lastName": "Hendrix",
        "middle": "Aspen",
        "title": "Ms.",
        "street": "4260 Cras Road",
        "city": "Vicksburg",
        "state": "ND",
        "zip": "12431",
        "departmentId": "1",
        "dateHired": "07\/07\/2007",
        "dateFired": null,
        "dob": "08\/15\/1957",
        "rate": "134",
        "officePhone": "946-777-1263",
        "homePhone": "650-618-4997",
        "mobilePhone": "406-987-6840",
        "email": "mattis@tinciduntcongueturpis.ca",
        "fullName": "Hendrix, Colleen"
    },
    {
        "id": "381",
        "firstName": "Joshua",
        "lastName": "Hester",
        "middle": "Quincy",
        "title": "",
        "street": "1407 Tempor Avenue",
        "city": "Rosemead",
        "state": "DC",
        "zip": "03946",
        "departmentId": "1",
        "dateHired": "01\/20\/2007",
        "dateFired": null,
        "dob": "04\/23\/1988",
        "rate": "40",
        "officePhone": "381-329-4407",
        "homePhone": "480-610-9868",
        "mobilePhone": "542-907-7065",
        "email": "vel@nonnisiAenean.ca",
        "fullName": "Hester, Joshua"
    },
    {
        "id": "515",
        "firstName": "Dorothy",
        "lastName": "Holcomb",
        "middle": "Sebastian",
        "title": "",
        "street": "Ap #821-969 Dolor Avenue",
        "city": "Bangor",
        "state": "AK",
        "zip": "19194",
        "departmentId": "1",
        "dateHired": "07\/01\/2008",
        "dateFired": null,
        "dob": "03\/15\/1982",
        "rate": "56",
        "officePhone": "335-738-7899",
        "homePhone": "844-327-4993",
        "mobilePhone": "356-367-4373",
        "email": "nascetur.ridiculus.mus@ultricesmaurisipsum.com",
        "fullName": "Holcomb, Dorothy"
    },
    {
        "id": "39",
        "firstName": "Arden",
        "lastName": "Horton",
        "middle": "Amanda",
        "title": "Ms.",
        "street": "P.O. Box 658, 4832 Non, Rd.",
        "city": "Torrington",
        "state": "MA",
        "zip": "72443",
        "departmentId": "1",
        "dateHired": "08\/11\/2001",
        "dateFired": null,
        "dob": "06\/14\/1978",
        "rate": "84",
        "officePhone": "461-664-7961",
        "homePhone": "113-530-1465",
        "mobilePhone": "436-214-9992",
        "email": "facilisis.magna@ipsumcursus.org",
        "fullName": "Horton, Arden"
    },
    {
        "id": "99",
        "firstName": "Nasim",
        "lastName": "Howe",
        "middle": "Adara",
        "title": "Dr.",
        "street": "Ap #868-5599 Vitae Avenue",
        "city": "Aguadilla",
        "state": "IL",
        "zip": "88893",
        "departmentId": "1",
        "dateHired": "03\/12\/2007",
        "dateFired": null,
        "dob": "01\/15\/1953",
        "rate": "44",
        "officePhone": "724-876-3625",
        "homePhone": "994-146-2373",
        "mobilePhone": "884-716-9836",
        "email": "magna@loremut.com",
        "fullName": "Howe, Nasim"
    },
    {
        "id": "40",
        "firstName": "Christine",
        "lastName": "Howell",
        "middle": "Illiana",
        "title": "Mrs.",
        "street": "P.O. Box 518, 2028 Quam Ave",
        "city": "Hastings",
        "state": "CA",
        "zip": "52825",
        "departmentId": "1",
        "dateHired": "03\/30\/2002",
        "dateFired": null,
        "dob": "01\/05\/1972",
        "rate": "111",
        "officePhone": "905-506-7049",
        "homePhone": "964-157-1597",
        "mobilePhone": "859-170-5905",
        "email": "Aenean.egestas.hendrerit@luctus.edu",
        "fullName": "Howell, Christine"
    },
    {
        "id": "121",
        "firstName": "Wing",
        "lastName": "Huff",
        "middle": "Mona",
        "title": "Dr.",
        "street": "Ap #313-3210 Pellentesque Ave",
        "city": "Clarksville",
        "state": "WV",
        "zip": "72347",
        "departmentId": "1",
        "dateHired": "03\/05\/2008",
        "dateFired": null,
        "dob": "05\/17\/1944",
        "rate": "91",
        "officePhone": "443-251-3856",
        "homePhone": "468-645-9354",
        "mobilePhone": "173-550-8031",
        "email": "egestas.lacinia.Sed@nibhvulputatemauris.edu",
        "fullName": "Huff, Wing"
    },
    {
        "id": "261",
        "firstName": "Illana",
        "lastName": "Jordan",
        "middle": "Teegan",
        "title": "",
        "street": "P.O. Box 573, 4975 Scelerisque St.",
        "city": "Plantation",
        "state": "LA",
        "zip": "28329",
        "departmentId": "1",
        "dateHired": "12\/02\/2008",
        "dateFired": null,
        "dob": "09\/09\/1963",
        "rate": "42",
        "officePhone": "422-485-8230",
        "homePhone": "974-332-1213",
        "mobilePhone": "622-265-3589",
        "email": "Nulla.aliquet.Proin@ac.ca",
        "fullName": "Jordan, Illana"
    },
    {
        "id": "89",
        "firstName": "Maisie",
        "lastName": "Joseph",
        "middle": "Maia",
        "title": "Dr.",
        "street": "349-2668 Pede Rd.",
        "city": "Oklahoma City",
        "state": "AZ",
        "zip": "94434",
        "departmentId": "1",
        "dateHired": "05\/05\/2001",
        "dateFired": null,
        "dob": "11\/30\/1950",
        "rate": "117",
        "officePhone": "146-311-4714",
        "homePhone": "825-808-3976",
        "mobilePhone": "622-648-6443",
        "email": "diam.Duis@Phasellus.org",
        "fullName": "Joseph, Maisie"
    },
    {
        "id": "306",
        "firstName": "Isaiah",
        "lastName": "Keller",
        "middle": "Timon",
        "title": "Dr.",
        "street": "P.O. Box 140, 8967 In St.",
        "city": "Chicago Heights",
        "state": "RI",
        "zip": "38897",
        "departmentId": "1",
        "dateHired": "08\/24\/2008",
        "dateFired": null,
        "dob": "01\/30\/1943",
        "rate": "76",
        "officePhone": "166-402-6037",
        "homePhone": "983-747-6230",
        "mobilePhone": "832-663-2503",
        "email": "mi@lobortis.ca",
        "fullName": "Keller, Isaiah"
    },
    {
        "id": "398",
        "firstName": "Irma",
        "lastName": "Koch",
        "middle": "Aiko",
        "title": "Mr.",
        "street": "P.O. Box 370, 4076 Posuere Rd.",
        "city": "Ann Arbor",
        "state": "NH",
        "zip": "90020",
        "departmentId": "1",
        "dateHired": "01\/22\/2001",
        "dateFired": null,
        "dob": "02\/24\/1967",
        "rate": "87",
        "officePhone": "486-159-7495",
        "homePhone": "128-657-1749",
        "mobilePhone": "720-860-3920",
        "email": "tortor.Nunc.commodo@incursuset.ca",
        "fullName": "Koch, Irma"
    },
    {
        "id": "520",
        "firstName": "Fredericka",
        "lastName": "Lawrence",
        "middle": "Karyn",
        "title": "Mr.",
        "street": "419-7695 Fringilla St.",
        "city": "North Charleston",
        "state": "FL",
        "zip": "80905",
        "departmentId": "1",
        "dateHired": "05\/05\/2004",
        "dateFired": null,
        "dob": "07\/26\/1942",
        "rate": "121",
        "officePhone": "730-187-5725",
        "homePhone": "469-523-1816",
        "mobilePhone": "363-771-1775",
        "email": "mattis.Integer@Crasconvallisconvallis.ca",
        "fullName": "Lawrence, Fredericka"
    },
    {
        "id": "70",
        "firstName": "Xaviera",
        "lastName": "Lowe",
        "middle": "Isaac",
        "title": "Ms.",
        "street": "Ap #462-7294 Hendrerit Rd.",
        "city": "Rockford",
        "state": "MS",
        "zip": "45757",
        "departmentId": "1",
        "dateHired": "02\/21\/2005",
        "dateFired": null,
        "dob": "11\/30\/1981",
        "rate": "61",
        "officePhone": "795-263-7783",
        "homePhone": "851-689-4314",
        "mobilePhone": "565-158-5002",
        "email": "natoque.penatibus@idsapien.org",
        "fullName": "Lowe, Xaviera"
    }
]