<?xml version="1.0" encoding="UTF-8" ?>
<Response>
  <data>
    <node>
		<id>1</id>
		<name>Media Relations</name>
		<dateActive>04/18/2013</dateActive>
		<numEmployees>7</numEmployees>
		<dateInactive></dateInactive>
		<director></director>
	</node>
	<node>
		<id>2</id>
		<name>Sales and Marketing</name>
		<dateActive>03/12/2012</dateActive>
		<numEmployees>9</numEmployees>
		<dateInactive></dateInactive>
		<director></director>
	</node>
	<node>
		<id>3</id>
		<name>Accounting</name>
		<dateActive>03/24/2012</dateActive>
		<numEmployees>1</numEmployees>
		<dateInactive></dateInactive>
		<director></director>
	</node>
	<node>
		<id>4</id>
		<name>Sales and Marketing</name>
		<dateActive>11/22/2013</dateActive>
		<numEmployees>3</numEmployees>
		<dateInactive></dateInactive>
		<director></director>
	</node>
	<node>
		<id>5</id>
		<name>Advertising</name>
		<dateActive>07/19/2013</dateActive>
		<numEmployees>1</numEmployees>
		<dateInactive></dateInactive>
		<director></director>
	</node>
	<node>
		<id>6</id>
		<name>Quality Assurance</name>
		<dateActive>10/04/2012</dateActive>
		<numEmployees>3</numEmployees>
		<dateInactive></dateInactive>
		<director></director>
	</node>
	<node>
		<id>7</id>
		<name>Payroll</name>
		<dateActive>04/11/2012</dateActive>
		<numEmployees>4</numEmployees>
		<dateInactive></dateInactive>
		<director></director>
	</node>
	<node>
		<id>8</id>
		<name>Finances</name>
		<dateActive>01/28/2013</dateActive>
		<numEmployees>7</numEmployees>
		<dateInactive></dateInactive>
		<director></director>
	</node>
	<node>
		<id>9</id>
		<name>Research and Development</name>
		<dateActive>10/07/2012</dateActive>
		<numEmployees>6</numEmployees>
		<dateInactive></dateInactive>
		<director></director>
	</node>
	<node>
		<id>10</id>
		<name>Customer Relations</name>
		<dateActive>06/08/2013</dateActive>
		<numEmployees>1</numEmployees>
		<dateInactive></dateInactive>
		<director></director>
	</node>
	<node>
		<id>11</id>
		<name>Customer Service</name>
		<dateActive>11/29/2013</dateActive>
		<numEmployees>2</numEmployees>
		<dateInactive></dateInactive>
		<director></director>
	</node>
	<node>
		<id>12</id>
		<name>Asset Management</name>
		<dateActive>09/12/2013</dateActive>
		<numEmployees>1</numEmployees>
		<dateInactive></dateInactive>
		<director></director>
	</node>
	<node>
		<id>13</id>
		<name>Accounting</name>
		<dateActive>01/06/2014</dateActive>
		<numEmployees>9</numEmployees>
		<dateInactive></dateInactive>
		<director></director>
	</node>
	<node>
		<id>14</id>
		<name>Customer Relations</name>
		<dateActive>06/23/2012</dateActive>
		<numEmployees>7</numEmployees>
		<dateInactive></dateInactive>
		<director></director>
	</node>
	<node>
		<id>15</id>
		<name>Legal Department</name>
		<dateActive>02/08/2013</dateActive>
		<numEmployees>1</numEmployees>
		<dateInactive></dateInactive>
		<director></director>
	</node>
	<node>
		<id>16</id>
		<name>Advertising</name>
		<dateActive>05/10/2012</dateActive>
		<numEmployees>5</numEmployees>
		<dateInactive></dateInactive>
		<director></director>
	</node>
	<node>
		<id>17</id>
		<name>Legal Department</name>
		<dateActive>12/02/2013</dateActive>
		<numEmployees>9</numEmployees>
		<dateInactive></dateInactive>
		<director></director>
	</node>
	<node>
		<id>18</id>
		<name>Customer Relations</name>
		<dateActive>10/11/2012</dateActive>
		<numEmployees>7</numEmployees>
		<dateInactive></dateInactive>
		<director></director>
	</node>
	<node>
		<id>19</id>
		<name>Human Resources</name>
		<dateActive>02/27/2013</dateActive>
		<numEmployees>1</numEmployees>
		<dateInactive></dateInactive>
		<director></director>
	</node>
	<node>
		<id>20</id>
		<name>Finances</name>
		<dateActive>03/04/2013</dateActive>
		<numEmployees>3</numEmployees>
		<dateInactive></dateInactive>
		<director></director>
	</node>
	<node>
		<id>21</id>
		<name>Customer Service</name>
		<dateActive>10/28/2012</dateActive>
		<numEmployees>7</numEmployees>
		<dateInactive></dateInactive>
		<director></director>
	</node>
	<node>
		<id>22</id>
		<name>Accounting</name>
		<dateActive>05/26/2013</dateActive>
		<numEmployees>7</numEmployees>
		<dateInactive></dateInactive>
		<director></director>
	</node>
	<node>
		<id>23</id>
		<name>Tech Support</name>
		<dateActive>09/06/2012</dateActive>
		<numEmployees>1</numEmployees>
		<dateInactive></dateInactive>
		<director></director>
	</node>
	<node>
		<id>24</id>
		<name>Accounting</name>
		<dateActive>08/06/2013</dateActive>
		<numEmployees>7</numEmployees>
		<dateInactive></dateInactive>
		<director></director>
	</node>
	<node>
		<id>25</id>
		<name>Public Relations</name>
		<dateActive>01/14/2014</dateActive>
		<numEmployees>8</numEmployees>
		<dateInactive></dateInactive>
		<director></director>
	</node>
	<node>
		<id>26</id>
		<name>Payroll</name>
		<dateActive>09/06/2012</dateActive>
		<numEmployees>4</numEmployees>
		<dateInactive></dateInactive>
		<director></director>
	</node>
	<node>
		<id>27</id>
		<name>Public Relations</name>
		<dateActive>04/21/2012</dateActive>
		<numEmployees>5</numEmployees>
		<dateInactive></dateInactive>
		<director></director>
	</node>
	<node>
		<id>28</id>
		<name>Sales and Marketing</name>
		<dateActive>03/27/2012</dateActive>
		<numEmployees>1</numEmployees>
		<dateInactive></dateInactive>
		<director></director>
	</node>
	<node>
		<id>29</id>
		<name>Research and Development</name>
		<dateActive>06/09/2012</dateActive>
		<numEmployees>7</numEmployees>
		<dateInactive></dateInactive>
		<director></director>
	</node>
	<node>
		<id>30</id>
		<name>Accounting</name>
		<dateActive>09/01/2013</dateActive>
		<numEmployees>1</numEmployees>
		<dateInactive></dateInactive>
		<director></director>
	</node>
	<node>
		<id>31</id>
		<name>Advertising</name>
		<dateActive>05/12/2013</dateActive>
		<numEmployees>10</numEmployees>
		<dateInactive></dateInactive>
		<director></director>
	</node>
	<node>
		<id>32</id>
		<name>Customer Service</name>
		<dateActive>10/30/2013</dateActive>
		<numEmployees>8</numEmployees>
		<dateInactive></dateInactive>
		<director></director>
	</node>
	<node>
		<id>33</id>
		<name>Sales and Marketing</name>
		<dateActive>04/09/2012</dateActive>
		<numEmployees>5</numEmployees>
		<dateInactive></dateInactive>
		<director></director>
	</node>
	<node>
		<id>34</id>
		<name>Payroll</name>
		<dateActive>08/24/2012</dateActive>
		<numEmployees>8</numEmployees>
		<dateInactive></dateInactive>
		<director></director>
	</node>
	<node>
		<id>35</id>
		<name>Finances</name>
		<dateActive>04/25/2012</dateActive>
		<numEmployees>8</numEmployees>
		<dateInactive></dateInactive>
		<director></director>
	</node>
	<node>
		<id>36</id>
		<name>Customer Relations</name>
		<dateActive>12/06/2013</dateActive>
		<numEmployees>8</numEmployees>
		<dateInactive></dateInactive>
		<director></director>
	</node>
	<node>
		<id>37</id>
		<name>Research and Development</name>
		<dateActive>01/17/2014</dateActive>
		<numEmployees>10</numEmployees>
		<dateInactive></dateInactive>
		<director></director>
	</node>
	<node>
		<id>38</id>
		<name>Customer Service</name>
		<dateActive>02/20/2012</dateActive>
		<numEmployees>8</numEmployees>
		<dateInactive></dateInactive>
		<director></director>
	</node>
	<node>
		<id>39</id>
		<name>Quality Assurance</name>
		<dateActive>06/19/2013</dateActive>
		<numEmployees>1</numEmployees>
		<dateInactive></dateInactive>
		<director></director>
	</node>
	<node>
		<id>40</id>
		<name>Asset Management</name>
		<dateActive>06/22/2013</dateActive>
		<numEmployees>6</numEmployees>
		<dateInactive></dateInactive>
		<director></director>
	</node>
	<node>
		<id>41</id>
		<name>Media Relations</name>
		<dateActive>06/19/2012</dateActive>
		<numEmployees>2</numEmployees>
		<dateInactive></dateInactive>
		<director></director>
	</node>
	<node>
		<id>42</id>
		<name>Advertising</name>
		<dateActive>12/16/2013</dateActive>
		<numEmployees>8</numEmployees>
		<dateInactive></dateInactive>
		<director></director>
	</node>
	<node>
		<id>43</id>
		<name>Tech Support</name>
		<dateActive>05/25/2012</dateActive>
		<numEmployees>2</numEmployees>
		<dateInactive></dateInactive>
		<director></director>
	</node>
	<node>
		<id>44</id>
		<name>Research and Development</name>
		<dateActive>08/11/2012</dateActive>
		<numEmployees>5</numEmployees>
		<dateInactive></dateInactive>
		<director></director>
	</node>
	<node>
		<id>45</id>
		<name>Human Resources</name>
		<dateActive>04/17/2012</dateActive>
		<numEmployees>3</numEmployees>
		<dateInactive></dateInactive>
		<director></director>
	</node>
	<node>
		<id>46</id>
		<name>Media Relations</name>
		<dateActive>07/21/2012</dateActive>
		<numEmployees>3</numEmployees>
		<dateInactive></dateInactive>
		<director></director>
	</node>
	<node>
		<id>47</id>
		<name>Media Relations</name>
		<dateActive>11/09/2012</dateActive>
		<numEmployees>8</numEmployees>
		<dateInactive></dateInactive>
		<director></director>
	</node>
	<node>
		<id>48</id>
		<name>Legal Department</name>
		<dateActive>01/18/2014</dateActive>
		<numEmployees>4</numEmployees>
		<dateInactive></dateInactive>
		<director></director>
	</node>
	<node>
		<id>49</id>
		<name>Customer Service</name>
		<dateActive>07/09/2012</dateActive>
		<numEmployees>5</numEmployees>
		<dateInactive></dateInactive>
		<director></director>
	</node>
	<node>
		<id>50</id>
		<name>Research and Development</name>
		<dateActive>11/12/2013</dateActive>
		<numEmployees>3</numEmployees>
		<dateInactive></dateInactive>
		<director></director>
	</node>
	<node>
		<id>51</id>
		<name>Media Relations</name>
		<dateActive>03/18/2013</dateActive>
		<numEmployees>6</numEmployees>
		<dateInactive></dateInactive>
		<director></director>
	</node>
	<node>
		<id>52</id>
		<name>Research and Development</name>
		<dateActive>01/25/2014</dateActive>
		<numEmployees>3</numEmployees>
		<dateInactive></dateInactive>
		<director></director>
	</node>
	<node>
		<id>53</id>
		<name>Research and Development</name>
		<dateActive>12/22/2012</dateActive>
		<numEmployees>2</numEmployees>
		<dateInactive></dateInactive>
		<director></director>
	</node>
	<node>
		<id>54</id>
		<name>Asset Management</name>
		<dateActive>09/21/2012</dateActive>
		<numEmployees>10</numEmployees>
		<dateInactive></dateInactive>
		<director></director>
	</node>
	<node>
		<id>55</id>
		<name>Payroll</name>
		<dateActive>01/26/2013</dateActive>
		<numEmployees>4</numEmployees>
		<dateInactive></dateInactive>
		<director></director>
	</node>
	<node>
		<id>56</id>
		<name>Finances</name>
		<dateActive>08/23/2013</dateActive>
		<numEmployees>5</numEmployees>
		<dateInactive></dateInactive>
		<director></director>
	</node>
	<node>
		<id>57</id>
		<name>Legal Department</name>
		<dateActive>04/09/2013</dateActive>
		<numEmployees>1</numEmployees>
		<dateInactive></dateInactive>
		<director></director>
	</node>
	<node>
		<id>58</id>
		<name>Customer Service</name>
		<dateActive>06/28/2012</dateActive>
		<numEmployees>2</numEmployees>
		<dateInactive></dateInactive>
		<director></director>
	</node>
	<node>
		<id>59</id>
		<name>Payroll</name>
		<dateActive>05/21/2013</dateActive>
		<numEmployees>5</numEmployees>
		<dateInactive></dateInactive>
		<director></director>
	</node>
	<node>
		<id>60</id>
		<name>Accounting</name>
		<dateActive>07/11/2012</dateActive>
		<numEmployees>8</numEmployees>
		<dateInactive></dateInactive>
		<director></director>
	</node>
	<node>
		<id>61</id>
		<name>Media Relations</name>
		<dateActive>07/22/2013</dateActive>
		<numEmployees>1</numEmployees>
		<dateInactive></dateInactive>
		<director></director>
	</node>
	<node>
		<id>62</id>
		<name>Accounting</name>
		<dateActive>11/13/2013</dateActive>
		<numEmployees>2</numEmployees>
		<dateInactive></dateInactive>
		<director></director>
	</node>
	<node>
		<id>63</id>
		<name>Research and Development</name>
		<dateActive>06/13/2012</dateActive>
		<numEmployees>5</numEmployees>
		<dateInactive></dateInactive>
		<director></director>
	</node>
	<node>
		<id>64</id>
		<name>Payroll</name>
		<dateActive>12/10/2013</dateActive>
		<numEmployees>9</numEmployees>
		<dateInactive></dateInactive>
		<director></director>
	</node>
	<node>
		<id>65</id>
		<name>Media Relations</name>
		<dateActive>09/29/2013</dateActive>
		<numEmployees>8</numEmployees>
		<dateInactive></dateInactive>
		<director></director>
	</node>
	<node>
		<id>66</id>
		<name>Tech Support</name>
		<dateActive>10/21/2013</dateActive>
		<numEmployees>1</numEmployees>
		<dateInactive></dateInactive>
		<director></director>
	</node>
	<node>
		<id>67</id>
		<name>Customer Relations</name>
		<dateActive>07/10/2012</dateActive>
		<numEmployees>4</numEmployees>
		<dateInactive></dateInactive>
		<director></director>
	</node>
	<node>
		<id>68</id>
		<name>Legal Department</name>
		<dateActive>04/23/2013</dateActive>
		<numEmployees>10</numEmployees>
		<dateInactive></dateInactive>
		<director></director>
	</node>
	<node>
		<id>69</id>
		<name>Customer Service</name>
		<dateActive>03/05/2012</dateActive>
		<numEmployees>7</numEmployees>
		<dateInactive></dateInactive>
		<director></director>
	</node>
	<node>
		<id>70</id>
		<name>Customer Service</name>
		<dateActive>09/19/2013</dateActive>
		<numEmployees>2</numEmployees>
		<dateInactive></dateInactive>
		<director></director>
	</node>
	<node>
		<id>71</id>
		<name>Asset Management</name>
		<dateActive>07/28/2012</dateActive>
		<numEmployees>9</numEmployees>
		<dateInactive></dateInactive>
		<director></director>
	</node>
	<node>
		<id>72</id>
		<name>Advertising</name>
		<dateActive>06/22/2012</dateActive>
		<numEmployees>5</numEmployees>
		<dateInactive></dateInactive>
		<director></director>
	</node>
	<node>
		<id>73</id>
		<name>Media Relations</name>
		<dateActive>01/19/2013</dateActive>
		<numEmployees>3</numEmployees>
		<dateInactive></dateInactive>
		<director></director>
	</node>
	<node>
		<id>74</id>
		<name>Finances</name>
		<dateActive>04/12/2013</dateActive>
		<numEmployees>5</numEmployees>
		<dateInactive></dateInactive>
		<director></director>
	</node>
	<node>
		<id>75</id>
		<name>Research and Development</name>
		<dateActive>09/16/2012</dateActive>
		<numEmployees>8</numEmployees>
		<dateInactive></dateInactive>
		<director></director>
	</node>
	<node>
		<id>76</id>
		<name>Customer Service</name>
		<dateActive>05/25/2013</dateActive>
		<numEmployees>7</numEmployees>
		<dateInactive></dateInactive>
		<director></director>
	</node>
	<node>
		<id>77</id>
		<name>Customer Service</name>
		<dateActive>01/27/2014</dateActive>
		<numEmployees>3</numEmployees>
		<dateInactive></dateInactive>
		<director></director>
	</node>
	<node>
		<id>78</id>
		<name>Customer Service</name>
		<dateActive>03/04/2013</dateActive>
		<numEmployees>7</numEmployees>
		<dateInactive></dateInactive>
		<director></director>
	</node>
	<node>
		<id>79</id>
		<name>Legal Department</name>
		<dateActive>10/16/2013</dateActive>
		<numEmployees>8</numEmployees>
		<dateInactive></dateInactive>
		<director></director>
	</node>
	<node>
		<id>80</id>
		<name>Payroll</name>
		<dateActive>01/02/2014</dateActive>
		<numEmployees>3</numEmployees>
		<dateInactive></dateInactive>
		<director></director>
	</node>
	<node>
		<id>81</id>
		<name>Payroll</name>
		<dateActive>05/16/2012</dateActive>
		<numEmployees>8</numEmployees>
		<dateInactive></dateInactive>
		<director></director>
	</node>
	<node>
		<id>82</id>
		<name>Quality Assurancen</name>
		<dateActive>01/22/2013</dateActive>
		<numEmployees>3</numEmployees>
		<dateInactive></dateInactive>
		<director></director>
	</node>
	<node>
		<id>83</id>
		<name>Research and Development</name>
		<dateActive>12/27/2012</dateActive>
		<numEmployees>1</numEmployees>
		<dateInactive></dateInactive>
		<director></director>
	</node>
	<node>
		<id>84</id>
		<name>Public Relations</name>
		<dateActive>04/04/2013</dateActive>
		<numEmployees>3</numEmployees>
		<dateInactive></dateInactive>
		<director></director>
	</node>
	<node>
		<id>85</id>
		<name>Payroll</name>
		<dateActive>05/21/2012</dateActive>
		<numEmployees>8</numEmployees>
		<dateInactive></dateInactive>
		<director></director>
	</node>
	<node>
		<id>86</id>
		<name>Payroll</name>
		<dateActive>03/01/2013</dateActive>
		<numEmployees>2</numEmployees>
		<dateInactive></dateInactive>
		<director></director>
	</node>
	<node>
		<id>87</id>
		<name>Accounting</name>
		<dateActive>08/20/2013</dateActive>
		<numEmployees>1</numEmployees>
		<dateInactive></dateInactive>
		<director></director>
	</node>
	<node>
		<id>88</id>
		<name>Asset Management</name>
		<dateActive>06/29/2012</dateActive>
		<numEmployees>10</numEmployees>
		<dateInactive></dateInactive>
		<director></director>
	</node>
	<node>
		<id>89</id>
		<name>Payroll</name>
		<dateActive>09/30/2012</dateActive>
		<numEmployees>8</numEmployees>
		<dateInactive></dateInactive>
		<director></director>
	</node>
	<node>
		<id>90</id>
		<name>Customer Service</name>
		<dateActive>11/07/2012</dateActive>
		<numEmployees>3</numEmployees>
		<dateInactive></dateInactive>
		<director></director>
	</node>
	<node>
		<id>91</id>
		<name>Customer Relations</name>
		<dateActive>03/03/2012</dateActive>
		<numEmployees>1</numEmployees>
		<dateInactive></dateInactive>
		<director></director>
	</node>
	<node>
		<id>92</id>
		<name>Accounting</name>
		<dateActive>02/22/2013</dateActive>
		<numEmployees>9</numEmployees>
		<dateInactive></dateInactive>
		<director></director>
	</node>
	<node>
		<id>93</id>
		<name>Finances</name>
		<dateActive>07/17/2013</dateActive>
		<numEmployees>1</numEmployees>
		<dateInactive></dateInactive>
		<director></director>
	</node>
	<node>
		<id>94</id>
		<name>Quality Assurance</name>
		<dateActive>12/13/2012</dateActive>
		<numEmployees>2</numEmployees>
		<dateInactive></dateInactive>
		<director></director>
	</node>
	<node>
		<id>95</id>
		<name>Payroll</name>
		<dateActive>02/05/2012</dateActive>
		<numEmployees>8</numEmployees>
		<dateInactive></dateInactive>
		<director></director>
	</node>
	<node>
		<id>96</id>
		<name>Media Relations</name>
		<dateActive>01/22/2013</dateActive>
		<numEmployees>4</numEmployees>
		<dateInactive></dateInactive>
		<director></director>
	</node>
	<node>
		<id>97</id>
		<name>Customer Relations</name>
		<dateActive>06/07/2013</dateActive>
		<numEmployees>7</numEmployees>
		<dateInactive></dateInactive>
		<director></director>
	</node>
	<node>
		<id>98</id>
		<name>Customer Relations</name>
		<dateActive>12/26/2012</dateActive>
		<numEmployees>7</numEmployees>
		<dateInactive></dateInactive>
		<director></director>
	</node>
	<node>
		<id>99</id>
		<name>Customer Service</name>
		<dateActive>12/18/2012</dateActive>
		<numEmployees>9</numEmployees>
		<dateInactive></dateInactive>
		<director></director>
	</node>
	<node>
		<id>100</id>
		<name>Advertising</name>
		<dateActive>02/15/2013</dateActive>
		<numEmployees>6</numEmployees>
		<dateInactive></dateInactive>
		<director></director>
	</node>
  </data>
  <meta>
    <success>true</success>
    <msg></msg>
  </meta>
</Response>
