{
    "data" : [
        {
            "name"         : "Media Relations",
            "active"       : "",
            "dateActive"   : "04/18/2013",
            "dateInactive" : "",
            "description"  : "",
            "director"     : "",
            "numEmployees" : "7",
            "id"           : "1"
        },
        {
            "name"         : "Sales and Marketing",
            "active"       : "",
            "dateActive"   : "03/12/2012",
            "dateInactive" : "",
            "description"  : "",
            "director"     : "",
            "numEmployees" : "9",
            "id"           : "2"
        },
        {
            "name"         : "Accounting",
            "active"       : "",
            "dateActive"   : "03/24/2012",
            "dateInactive" : "",
            "description"  : "",
            "director"     : "",
            "numEmployees" : "1",
            "id"           : "3"
        },
        {
            "name"         : "Sales and Marketing",
            "active"       : "",
            "dateActive"   : "11/22/2013",
            "dateInactive" : "",
            "description"  : "",
            "director"     : "",
            "numEmployees" : "3",
            "id"           : "4"
        },
        {
            "name"         : "Advertising",
            "active"       : "",
            "dateActive"   : "07/19/2013",
            "dateInactive" : "",
            "description"  : "",
            "director"     : "",
            "numEmployees" : "1",
            "id"           : "5"
        },
        {
            "name"         : "Quality Assurance",
            "active"       : "",
            "dateActive"   : "10/04/2012",
            "dateInactive" : "",
            "description"  : "",
            "director"     : "",
            "numEmployees" : "3",
            "id"           : "6"
        },
        {
            "name"         : "Payroll",
            "active"       : "",
            "dateActive"   : "04/11/2012",
            "dateInactive" : "",
            "description"  : "",
            "director"     : "",
            "numEmployees" : "4",
            "id"           : "7"
        },
        {
            "name"         : "Finances",
            "active"       : "",
            "dateActive"   : "01/28/2013",
            "dateInactive" : "",
            "description"  : "",
            "director"     : "",
            "numEmployees" : "7",
            "id"           : "8"
        },
        {
            "name"         : "Research and Development",
            "active"       : "",
            "dateActive"   : "10/07/2012",
            "dateInactive" : "",
            "description"  : "",
            "director"     : "",
            "numEmployees" : "6",
            "id"           : "9"
        },
        {
            "name"         : "Customer Relations",
            "active"       : "",
            "dateActive"   : "06/08/2013",
            "dateInactive" : "",
            "description"  : "",
            "director"     : "",
            "numEmployees" : "1",
            "id"           : "10"
        },
        {
            "name"         : "Customer Service",
            "active"       : "",
            "dateActive"   : "11/29/2013",
            "dateInactive" : "",
            "description"  : "",
            "director"     : "",
            "numEmployees" : "2",
            "id"           : "11"
        },
        {
            "name"         : "Asset Management",
            "active"       : "",
            "dateActive"   : "09/12/2013",
            "dateInactive" : "",
            "description"  : "",
            "director"     : "",
            "numEmployees" : "1",
            "id"           : "12"
        },
        {
            "name"         : "Accounting",
            "active"       : "",
            "dateActive"   : "01/06/2014",
            "dateInactive" : "",
            "description"  : "",
            "director"     : "",
            "numEmployees" : "9",
            "id"           : "13"
        },
        {
            "name"         : "Customer Relations",
            "active"       : "",
            "dateActive"   : "06/23/2012",
            "dateInactive" : "",
            "description"  : "",
            "director"     : "",
            "numEmployees" : "7",
            "id"           : "14"
        },
        {
            "name"         : "Legal Department",
            "active"       : "",
            "dateActive"   : "02/08/2013",
            "dateInactive" : "",
            "description"  : "",
            "director"     : "",
            "numEmployees" : "1",
            "id"           : "15"
        },
        {
            "name"         : "Advertising",
            "active"       : "",
            "dateActive"   : "05/10/2012",
            "dateInactive" : "",
            "description"  : "",
            "director"     : "",
            "numEmployees" : "5",
            "id"           : "16"
        },
        {
            "name"         : "Legal Department",
            "active"       : "",
            "dateActive"   : "12/02/2013",
            "dateInactive" : "",
            "description"  : "",
            "director"     : "",
            "numEmployees" : "9",
            "id"           : "17"
        },
        {
            "name"         : "Customer Relations",
            "active"       : "",
            "dateActive"   : "10/11/2012",
            "dateInactive" : "",
            "description"  : "",
            "director"     : "",
            "numEmployees" : "7",
            "id"           : "18"
        },
        {
            "name"         : "Human Resources",
            "active"       : "",
            "dateActive"   : "02/27/2013",
            "dateInactive" : "",
            "description"  : "",
            "director"     : "",
            "numEmployees" : "1",
            "id"           : "19"
        },
        {
            "name"         : "Finances",
            "active"       : "",
            "dateActive"   : "03/04/2013",
            "dateInactive" : "",
            "description"  : "",
            "director"     : "",
            "numEmployees" : "3",
            "id"           : "20"
        },
        {
            "name"         : "Customer Service",
            "active"       : "",
            "dateActive"   : "10/28/2012",
            "dateInactive" : "",
            "description"  : "",
            "director"     : "",
            "numEmployees" : "7",
            "id"           : "21"
        },
        {
            "name"         : "Accounting",
            "active"       : "",
            "dateActive"   : "05/26/2013",
            "dateInactive" : "",
            "description"  : "",
            "director"     : "",
            "numEmployees" : "7",
            "id"           : "22"
        },
        {
            "name"         : "Tech Support",
            "active"       : "",
            "dateActive"   : "09/06/2012",
            "dateInactive" : "",
            "description"  : "",
            "director"     : "",
            "numEmployees" : "1",
            "id"           : "23"
        },
        {
            "name"         : "Accounting",
            "active"       : "",
            "dateActive"   : "08/06/2013",
            "dateInactive" : "",
            "description"  : "",
            "director"     : "",
            "numEmployees" : "7",
            "id"           : "24"
        },
        {
            "name"         : "Public Relations",
            "active"       : "",
            "dateActive"   : "01/14/2014",
            "dateInactive" : "",
            "description"  : "",
            "director"     : "",
            "numEmployees" : "8",
            "id"           : "25"
        },
        {
            "name"         : "Payroll",
            "active"       : "",
            "dateActive"   : "09/06/2012",
            "dateInactive" : "",
            "description"  : "",
            "director"     : "",
            "numEmployees" : "4",
            "id"           : "26"
        },
        {
            "name"         : "Public Relations",
            "active"       : "",
            "dateActive"   : "04/21/2012",
            "dateInactive" : "",
            "description"  : "",
            "director"     : "",
            "numEmployees" : "5",
            "id"           : "27"
        },
        {
            "name"         : "Sales and Marketing",
            "active"       : "",
            "dateActive"   : "03/27/2012",
            "dateInactive" : "",
            "description"  : "",
            "director"     : "",
            "numEmployees" : "1",
            "id"           : "28"
        },
        {
            "name"         : "Research and Development",
            "active"       : "",
            "dateActive"   : "06/09/2012",
            "dateInactive" : "",
            "description"  : "",
            "director"     : "",
            "numEmployees" : "7",
            "id"           : "29"
        },
        {
            "name"         : "Accounting",
            "active"       : "",
            "dateActive"   : "09/01/2013",
            "dateInactive" : "",
            "description"  : "",
            "director"     : "",
            "numEmployees" : "1",
            "id"           : "30"
        },
        {
            "name"         : "Advertising",
            "active"       : "",
            "dateActive"   : "05/12/2013",
            "dateInactive" : "",
            "description"  : "",
            "director"     : "",
            "numEmployees" : "10",
            "id"           : "31"
        },
        {
            "name"         : "Customer Service",
            "active"       : "",
            "dateActive"   : "10/30/2013",
            "dateInactive" : "",
            "description"  : "",
            "director"     : "",
            "numEmployees" : "8",
            "id"           : "32"
        },
        {
            "name"         : "Sales and Marketing",
            "active"       : "",
            "dateActive"   : "04/09/2012",
            "dateInactive" : "",
            "description"  : "",
            "director"     : "",
            "numEmployees" : "5",
            "id"           : "33"
        },
        {
            "name"         : "Payroll",
            "active"       : "",
            "dateActive"   : "08/24/2012",
            "dateInactive" : "",
            "description"  : "",
            "director"     : "",
            "numEmployees" : "8",
            "id"           : "34"
        },
        {
            "name"         : "Finances",
            "active"       : "",
            "dateActive"   : "04/25/2012",
            "dateInactive" : "",
            "description"  : "",
            "director"     : "",
            "numEmployees" : "8",
            "id"           : "35"
        },
        {
            "name"         : "Customer Relations",
            "active"       : "",
            "dateActive"   : "12/06/2013",
            "dateInactive" : "",
            "description"  : "",
            "director"     : "",
            "numEmployees" : "8",
            "id"           : "36"
        },
        {
            "name"         : "Research and Development",
            "active"       : "",
            "dateActive"   : "01/17/2014",
            "dateInactive" : "",
            "description"  : "",
            "director"     : "",
            "numEmployees" : "10",
            "id"           : "37"
        },
        {
            "name"         : "Customer Service",
            "active"       : "",
            "dateActive"   : "02/20/2012",
            "dateInactive" : "",
            "description"  : "",
            "director"     : "",
            "numEmployees" : "8",
            "id"           : "38"
        },
        {
            "name"         : "Quality Assurance",
            "active"       : "",
            "dateActive"   : "06/19/2013",
            "dateInactive" : "",
            "description"  : "",
            "director"     : "",
            "numEmployees" : "1",
            "id"           : "39"
        },
        {
            "name"         : "Asset Management",
            "active"       : "",
            "dateActive"   : "06/22/2013",
            "dateInactive" : "",
            "description"  : "",
            "director"     : "",
            "numEmployees" : "6",
            "id"           : "40"
        },
        {
            "name"         : "Media Relations",
            "active"       : "",
            "dateActive"   : "06/19/2012",
            "dateInactive" : "",
            "description"  : "",
            "director"     : "",
            "numEmployees" : "2",
            "id"           : "41"
        },
        {
            "name"         : "Advertising",
            "active"       : "",
            "dateActive"   : "12/16/2013",
            "dateInactive" : "",
            "description"  : "",
            "director"     : "",
            "numEmployees" : "8",
            "id"           : "42"
        },
        {
            "name"         : "Tech Support",
            "active"       : "",
            "dateActive"   : "05/25/2012",
            "dateInactive" : "",
            "description"  : "",
            "director"     : "",
            "numEmployees" : "2",
            "id"           : "43"
        },
        {
            "name"         : "Research and Development",
            "active"       : "",
            "dateActive"   : "08/11/2012",
            "dateInactive" : "",
            "description"  : "",
            "director"     : "",
            "numEmployees" : "5",
            "id"           : "44"
        },
        {
            "name"         : "Human Resources",
            "active"       : "",
            "dateActive"   : "04/17/2012",
            "dateInactive" : "",
            "description"  : "",
            "director"     : "",
            "numEmployees" : "3",
            "id"           : "45"
        },
        {
            "name"         : "Media Relations",
            "active"       : "",
            "dateActive"   : "07/21/2012",
            "dateInactive" : "",
            "description"  : "",
            "director"     : "",
            "numEmployees" : "3",
            "id"           : "46"
        },
        {
            "name"         : "Media Relations",
            "active"       : "",
            "dateActive"   : "11/09/2012",
            "dateInactive" : "",
            "description"  : "",
            "director"     : "",
            "numEmployees" : "8",
            "id"           : "47"
        },
        {
            "name"         : "Legal Department",
            "active"       : "",
            "dateActive"   : "01/18/2014",
            "dateInactive" : "",
            "description"  : "",
            "director"     : "",
            "numEmployees" : "4",
            "id"           : "48"
        },
        {
            "name"         : "Customer Service",
            "active"       : "",
            "dateActive"   : "07/09/2012",
            "dateInactive" : "",
            "description"  : "",
            "director"     : "",
            "numEmployees" : "5",
            "id"           : "49"
        },
        {
            "name"         : "Research and Development",
            "active"       : "",
            "dateActive"   : "11/12/2013",
            "dateInactive" : "",
            "description"  : "",
            "director"     : "",
            "numEmployees" : "3",
            "id"           : "50"
        },
        {
            "name"         : "Media Relations",
            "active"       : "",
            "dateActive"   : "03/18/2013",
            "dateInactive" : "",
            "description"  : "",
            "director"     : "",
            "numEmployees" : "6",
            "id"           : "51"
        },
        {
            "name"         : "Research and Development",
            "active"       : "",
            "dateActive"   : "01/25/2014",
            "dateInactive" : "",
            "description"  : "",
            "director"     : "",
            "numEmployees" : "3",
            "id"           : "52"
        },
        {
            "name"         : "Research and Development",
            "active"       : "",
            "dateActive"   : "12/22/2012",
            "dateInactive" : "",
            "description"  : "",
            "director"     : "",
            "numEmployees" : "2",
            "id"           : "53"
        },
        {
            "name"         : "Asset Management",
            "active"       : "",
            "dateActive"   : "09/21/2012",
            "dateInactive" : "",
            "description"  : "",
            "director"     : "",
            "numEmployees" : "10",
            "id"           : "54"
        },
        {
            "name"         : "Payroll",
            "active"       : "",
            "dateActive"   : "01/26/2013",
            "dateInactive" : "",
            "description"  : "",
            "director"     : "",
            "numEmployees" : "4",
            "id"           : "55"
        },
        {
            "name"         : "Finances",
            "active"       : "",
            "dateActive"   : "08/23/2013",
            "dateInactive" : "",
            "description"  : "",
            "director"     : "",
            "numEmployees" : "5",
            "id"           : "56"
        },
        {
            "name"         : "Legal Department",
            "active"       : "",
            "dateActive"   : "04/09/2013",
            "dateInactive" : "",
            "description"  : "",
            "director"     : "",
            "numEmployees" : "1",
            "id"           : "57"
        },
        {
            "name"         : "Customer Service",
            "active"       : "",
            "dateActive"   : "06/28/2012",
            "dateInactive" : "",
            "description"  : "",
            "director"     : "",
            "numEmployees" : "2",
            "id"           : "58"
        },
        {
            "name"         : "Payroll",
            "active"       : "",
            "dateActive"   : "05/21/2013",
            "dateInactive" : "",
            "description"  : "",
            "director"     : "",
            "numEmployees" : "5",
            "id"           : "59"
        },
        {
            "name"         : "Accounting",
            "active"       : "",
            "dateActive"   : "07/11/2012",
            "dateInactive" : "",
            "description"  : "",
            "director"     : "",
            "numEmployees" : "8",
            "id"           : "60"
        },
        {
            "name"         : "Media Relations",
            "active"       : "",
            "dateActive"   : "07/22/2013",
            "dateInactive" : "",
            "description"  : "",
            "director"     : "",
            "numEmployees" : "1",
            "id"           : "61"
        },
        {
            "name"         : "Accounting",
            "active"       : "",
            "dateActive"   : "11/13/2013",
            "dateInactive" : "",
            "description"  : "",
            "director"     : "",
            "numEmployees" : "2",
            "id"           : "62"
        },
        {
            "name"         : "Research and Development",
            "active"       : "",
            "dateActive"   : "06/13/2012",
            "dateInactive" : "",
            "description"  : "",
            "director"     : "",
            "numEmployees" : "5",
            "id"           : "63"
        },
        {
            "name"         : "Payroll",
            "active"       : "",
            "dateActive"   : "12/10/2013",
            "dateInactive" : "",
            "description"  : "",
            "director"     : "",
            "numEmployees" : "9",
            "id"           : "64"
        },
        {
            "name"         : "Media Relations",
            "active"       : "",
            "dateActive"   : "09/29/2013",
            "dateInactive" : "",
            "description"  : "",
            "director"     : "",
            "numEmployees" : "8",
            "id"           : "65"
        },
        {
            "name"         : "Tech Support",
            "active"       : "",
            "dateActive"   : "10/21/2013",
            "dateInactive" : "",
            "description"  : "",
            "director"     : "",
            "numEmployees" : "1",
            "id"           : "66"
        },
        {
            "name"         : "Customer Relations",
            "active"       : "",
            "dateActive"   : "07/10/2012",
            "dateInactive" : "",
            "description"  : "",
            "director"     : "",
            "numEmployees" : "4",
            "id"           : "67"
        },
        {
            "name"         : "Legal Department",
            "active"       : "",
            "dateActive"   : "04/23/2013",
            "dateInactive" : "",
            "description"  : "",
            "director"     : "",
            "numEmployees" : "10",
            "id"           : "68"
        },
        {
            "name"         : "Customer Service",
            "active"       : "",
            "dateActive"   : "03/05/2012",
            "dateInactive" : "",
            "description"  : "",
            "director"     : "",
            "numEmployees" : "7",
            "id"           : "69"
        },
        {
            "name"         : "Customer Service",
            "active"       : "",
            "dateActive"   : "09/19/2013",
            "dateInactive" : "",
            "description"  : "",
            "director"     : "",
            "numEmployees" : "2",
            "id"           : "70"
        },
        {
            "name"         : "Asset Management",
            "active"       : "",
            "dateActive"   : "07/28/2012",
            "dateInactive" : "",
            "description"  : "",
            "director"     : "",
            "numEmployees" : "9",
            "id"           : "71"
        },
        {
            "name"         : "Advertising",
            "active"       : "",
            "dateActive"   : "06/22/2012",
            "dateInactive" : "",
            "description"  : "",
            "director"     : "",
            "numEmployees" : "5",
            "id"           : "72"
        },
        {
            "name"         : "Media Relations",
            "active"       : "",
            "dateActive"   : "01/19/2013",
            "dateInactive" : "",
            "description"  : "",
            "director"     : "",
            "numEmployees" : "3",
            "id"           : "73"
        },
        {
            "name"         : "Finances",
            "active"       : "",
            "dateActive"   : "04/12/2013",
            "dateInactive" : "",
            "description"  : "",
            "director"     : "",
            "numEmployees" : "5",
            "id"           : "74"
        },
        {
            "name"         : "Research and Development",
            "active"       : "",
            "dateActive"   : "09/16/2012",
            "dateInactive" : "",
            "description"  : "",
            "director"     : "",
            "numEmployees" : "8",
            "id"           : "75"
        },
        {
            "name"         : "Customer Service",
            "active"       : "",
            "dateActive"   : "05/25/2013",
            "dateInactive" : "",
            "description"  : "",
            "director"     : "",
            "numEmployees" : "7",
            "id"           : "76"
        },
        {
            "name"         : "Customer Service",
            "active"       : "",
            "dateActive"   : "01/27/2014",
            "dateInactive" : "",
            "description"  : "",
            "director"     : "",
            "numEmployees" : "3",
            "id"           : "77"
        },
        {
            "name"         : "Customer Service",
            "active"       : "",
            "dateActive"   : "03/04/2013",
            "dateInactive" : "",
            "description"  : "",
            "director"     : "",
            "numEmployees" : "7",
            "id"           : "78"
        },
        {
            "name"         : "Legal Department",
            "active"       : "",
            "dateActive"   : "10/16/2013",
            "dateInactive" : "",
            "description"  : "",
            "director"     : "",
            "numEmployees" : "8",
            "id"           : "79"
        },
        {
            "name"         : "Payroll",
            "active"       : "",
            "dateActive"   : "01/02/2014",
            "dateInactive" : "",
            "description"  : "",
            "director"     : "",
            "numEmployees" : "3",
            "id"           : "80"
        },
        {
            "name"         : "Payroll",
            "active"       : "",
            "dateActive"   : "05/16/2012",
            "dateInactive" : "",
            "description"  : "",
            "director"     : "",
            "numEmployees" : "8",
            "id"           : "81"
        },
        {
            "name"         : "Quality Assurancen",
            "active"       : "",
            "dateActive"   : "01/22/2013",
            "dateInactive" : "",
            "description"  : "",
            "director"     : "",
            "numEmployees" : "3",
            "id"           : "82"
        },
        {
            "name"         : "Research and Development",
            "active"       : "",
            "dateActive"   : "12/27/2012",
            "dateInactive" : "",
            "description"  : "",
            "director"     : "",
            "numEmployees" : "1",
            "id"           : "83"
        },
        {
            "name"         : "Public Relations",
            "active"       : "",
            "dateActive"   : "04/04/2013",
            "dateInactive" : "",
            "description"  : "",
            "director"     : "",
            "numEmployees" : "3",
            "id"           : "84"
        },
        {
            "name"         : "Payroll",
            "active"       : "",
            "dateActive"   : "05/21/2012",
            "dateInactive" : "",
            "description"  : "",
            "director"     : "",
            "numEmployees" : "8",
            "id"           : "85"
        },
        {
            "name"         : "Payroll",
            "active"       : "",
            "dateActive"   : "03/01/2013",
            "dateInactive" : "",
            "description"  : "",
            "director"     : "",
            "numEmployees" : "2",
            "id"           : "86"
        },
        {
            "name"         : "Accounting",
            "active"       : "",
            "dateActive"   : "08/20/2013",
            "dateInactive" : "",
            "description"  : "",
            "director"     : "",
            "numEmployees" : "1",
            "id"           : "87"
        },
        {
            "name"         : "Asset Management",
            "active"       : "",
            "dateActive"   : "06/29/2012",
            "dateInactive" : "",
            "description"  : "",
            "director"     : "",
            "numEmployees" : "10",
            "id"           : "88"
        },
        {
            "name"         : "Payroll",
            "active"       : "",
            "dateActive"   : "09/30/2012",
            "dateInactive" : "",
            "description"  : "",
            "director"     : "",
            "numEmployees" : "8",
            "id"           : "89"
        },
        {
            "name"         : "Customer Service",
            "active"       : "",
            "dateActive"   : "11/07/2012",
            "dateInactive" : "",
            "description"  : "",
            "director"     : "",
            "numEmployees" : "3",
            "id"           : "90"
        },
        {
            "name"         : "Customer Relations",
            "active"       : "",
            "dateActive"   : "03/03/2012",
            "dateInactive" : "",
            "description"  : "",
            "director"     : "",
            "numEmployees" : "1",
            "id"           : "91"
        },
        {
            "name"         : "Accounting",
            "active"       : "",
            "dateActive"   : "02/22/2013",
            "dateInactive" : "",
            "description"  : "",
            "director"     : "",
            "numEmployees" : "9",
            "id"           : "92"
        },
        {
            "name"         : "Finances",
            "active"       : "",
            "dateActive"   : "07/17/2013",
            "dateInactive" : "",
            "description"  : "",
            "director"     : "",
            "numEmployees" : "1",
            "id"           : "93"
        },
        {
            "name"         : "Quality Assurance",
            "active"       : "",
            "dateActive"   : "12/13/2012",
            "dateInactive" : "",
            "description"  : "",
            "director"     : "",
            "numEmployees" : "2",
            "id"           : "94"
        },
        {
            "name"         : "Payroll",
            "active"       : "",
            "dateActive"   : "02/05/2012",
            "dateInactive" : "",
            "description"  : "",
            "director"     : "",
            "numEmployees" : "8",
            "id"           : "95"
        },
        {
            "name"         : "Media Relations",
            "active"       : "",
            "dateActive"   : "01/22/2013",
            "dateInactive" : "",
            "description"  : "",
            "director"     : "",
            "numEmployees" : "4",
            "id"           : "96"
        },
        {
            "name"         : "Customer Relations",
            "active"       : "",
            "dateActive"   : "06/07/2013",
            "dateInactive" : "",
            "description"  : "",
            "director"     : "",
            "numEmployees" : "7",
            "id"           : "97"
        },
        {
            "name"         : "Customer Relations",
            "active"       : "",
            "dateActive"   : "12/26/2012",
            "dateInactive" : "",
            "description"  : "",
            "director"     : "",
            "numEmployees" : "7",
            "id"           : "98"
        },
        {
            "name"         : "Customer Service",
            "active"       : "",
            "dateActive"   : "12/18/2012",
            "dateInactive" : "",
            "description"  : "",
            "director"     : "",
            "numEmployees" : "9",
            "id"           : "99"
        },
        {
            "name"         : "Advertising",
            "active"       : "",
            "dateActive"   : "02/15/2013",
            "dateInactive" : "",
            "description"  : "",
            "director"     : "",
            "numEmployees" : "6",
            "id"           : "100"
        }
    ],
    "meta" : {
        "success" : true,
        "msg"     : ""
    }
}
