{"data"   : [
    {
        "id"        : "1",
        "firstName" : "Louis",
        "lastName"  : "Klein",
        "middle"    : "Teagan",
        "title"     : "Mr.",
        "street"    : "147-8927 Nonummy Ave",
        "city"      : "Cedar Falls",
        "state"     : "UT",
        "zip"       : "32321"
    },
    {
        "id"        : "2",
        "firstName" : "Gillian",
        "lastName"  : "Fry",
        "middle"    : "Destiny",
        "title"     : "Mrs.",
        "street"    : "P.O. Box 773, 1323 Leo. Road",
        "city"      : "Peekskill",
        "state"     : "SC",
        "zip"       : "69702"
    }
], "meta" : {
    "success" : "true",
    "msg"     : "",
    "total"   : 600
}}