drop DATABASE if exists extjsinaction
CREATE DATABASE extjsinaction

USE `extjsinaction`;

DROP TABLE IF EXISTS `departments`;
CREATE TABLE `departments` (
  `id` mediumint(8) unsigned NOT NULL auto_increment,
  `name` varchar(255) default NULL,
  `active` varchar(255) default NULL,
  `dateActive` varchar(50) default NULL,
  `dateInactive` varchar(50) default NULL,
  `description` varchar(255) default NULL,
  `director` int(5) default NULL,
  PRIMARY KEY  (`id`)
) ENGINE=MyISAM AUTO_INCREMENT=16 DEFAULT CHARSET=latin1;


LOCK TABLES `departments` WRITE;
INSERT INTO `departments` VALUES (1,'Accounting','1','12/01/2001',NULL,NULL,NULL),(2,'Advertising','1','12/01/2001',NULL,NULL,NULL),(3,'Asset Management','1','12/01/2001',NULL,NULL,NULL),(4,'Customer Relations','1','12/01/2001',NULL,NULL,NULL),(5,'Customer Service','1','12/01/2001',NULL,NULL,NULL),(6,'Finances','1','12/01/2001',NULL,NULL,NULL),(7,'Human Resources','1','12/01/2001',NULL,NULL,NULL),(8,'Legal Department','1','12/01/2001',NULL,NULL,NULL),(9,'Media Relations','1','12/01/2001',NULL,NULL,NULL),(10,'Payroll','1','12/01/2001',NULL,NULL,NULL),(11,'Public Relations','1','12/01/2001',NULL,NULL,NULL),(12,'Quality Assurance','1','12/01/2001',NULL,NULL,NULL),(13,'Sales and Marketing','1','12/01/2001',NULL,NULL,NULL),(14,'Research and Development','1','12/01/2001',NULL,NULL,NULL),(15,'Tech Support','1','12/01/2001',NULL,NULL,NULL);
UNLOCK TABLES;

DROP TABLE IF EXISTS `employees`;
CREATE TABLE `employees` (
  `id` mediumint(8) unsigned NOT NULL auto_increment,
  `firstName` varchar(255) default NULL,
  `lastName` varchar(255) default NULL,
  `middle` varchar(255) default NULL,
  `title` varchar(255) default NULL,
  `street` varchar(255) default NULL,
  `city` varchar(50) default NULL,
  `state` varchar(50) default NULL,
  `zip` varchar(10) default NULL,
  `departmentId` int(5) default NULL,
  `dateHired` varchar(50) default NULL,
  `dateFired` varchar(255) default NULL,
  `dob` varchar(50) default NULL,
  `rate` varchar(50) default NULL,
  `officePhone` varchar(255) default NULL,
  `homePhone` varchar(255) default NULL,
  `mobilePhone` varchar(255) default NULL,
  `email` varchar(255) default NULL,
  PRIMARY KEY  (`id`)
) ENGINE=MyISAM AUTO_INCREMENT=601 DEFAULT CHARSET=latin1;

LOCK TABLES `employees` WRITE;
/*!40000 ALTER TABLE `employees` DISABLE KEYS */;
INSERT INTO `employees` VALUES (1,'Louis','Klein','Teagan','Mr.','147-8927 Nonummy Ave','Cedar Falls','UT','32321',5,'05/23/2001',NULL,'04/04/1942','63','710-427-4977','499-368-8219','555-732-8813','dapibus.gravida.Aliquam@enim.edu'),(2,'Gillian','Fry','Destiny','Mrs.','P.O. Box 773, 1323 Leo. Road','Peekskill','SC','69702',3,'06/19/2007',NULL,'10/26/1945','48','544-183-6676','381-996-7045','818-376-6056','felis.orci@Sedmolestie.com'),(3,'Shoshana','Chaney','Kalia','Ms.','2511 Morbi Avenue','Fallon','FL','87474',7,'09/28/2004',NULL,'10/13/1960','82','138-755-9887','180-916-9243','593-279-5102','arcu.Vestibulum@cubiliaCurae;.ca'),(4,'Bernard','Gilbert','Carla','','Ap #618-1126 Egestas, Av.','Peabody','MT','63351',14,'08/05/2001',NULL,'03/05/1978','53','638-164-9084','871-630-7983','205-590-3918','Phasellus.at@ultricesiaculisodio.org'),(5,'Ingrid','Santiago','Maryam','Mr.','7522 At, St.','Waterloo','OR','48335',13,'08/30/2004',NULL,'12/26/1965','121','855-278-6302','960-164-6606','260-416-8892','eros@Nullaaliquet.com'),(6,'Quon','Clarke','Kim','Ms.','1561 Sem Rd.','Steubenville','CT','08912',14,'01/15/2008',NULL,'08/02/1958','83','765-651-3761','704-161-2891','285-853-4436','Donec.sollicitudin@est.com'),(7,'Bert','Barker','Samuel','Mr.','541-7646 Pede. Rd.','Aberdeen','MN','50468',8,'03/31/2006',NULL,'07/20/1945','118','947-376-7489','910-274-3741','230-860-9314','Mauris@velit.org'),(8,'Jordan','Dunn','Whitney','Ms.','484-4101 Sed Av.','Rockville','VA','30691',2,'10/15/2000',NULL,'06/23/1986','100','633-809-6712','247-708-4167','587-780-7118','montes.nascetur.ridiculus@nonenim.org'),(9,'Maris','Wilkerson','Dara','Mrs.','6316 Nisl. Avenue','Roseville','DC','99363',8,'10/04/2002',NULL,'07/02/1961','57','132-409-3488','638-587-9892','434-950-4727','Proin.vel@Integersem.org'),(10,'Vernon','Gilmore','Moana','Dr.','P.O. Box 864, 4093 Consequat Av.','Belleville','OR','90080',6,'03/08/2000',NULL,'11/17/1984','85','360-705-5872','762-852-4198','670-907-4757','vitae.diam@consequatauctornunc.com'),(11,'Daria','Patrick','Rinah','Ms.','Ap #238-225 Metus St.','Sharon','AL','74765',13,'10/20/2002',NULL,'02/02/1963','80','993-263-9219','942-937-2240','321-152-8214','Quisque.nonummy@sed.ca'),(12,'Scarlet','Reed','Brynne','Ms.','P.O. Box 594, 5659 At, Road','Seal Beach','OH','79544',5,'04/20/2006',NULL,'06/06/1945','28','508-250-5376','377-855-7201','103-563-6057','risus.Nulla.eget@magnaet.edu'),(13,'Leo','Mason','Yolanda','','3083 Etiam St.','Laughlin','TX','65632',11,'01/25/2004',NULL,'07/15/1980','132','135-294-5621','183-521-3364','608-416-9057','orci.lobortis.augue@elit.edu'),(14,'Charity','Harrell','Leah','','916-2654 Justo Rd.','Laconia','NC','54019',11,'07/22/2005',NULL,'09/29/1941','82','635-511-7969','677-666-9443','685-652-7661','sit@anteMaecenas.com'),(15,'Karen','Preston','Evan','Mr.','563-5143 Pellentesque. St.','Port Arthur','MA','03167',3,'09/24/2007',NULL,'09/13/1974','121','230-127-8585','127-989-7378','229-128-9808','vitae.diam.Proin@mattis.ca'),(16,'Mari','Snow','Ebony','','8377 Ipsum Rd.','Lynn','DC','87708',3,'07/22/2004',NULL,'03/23/1956','41','534-289-4470','255-306-3240','684-276-3775','sed.sem@nec.org'),(17,'Barbara','Larsen','Jin','Mrs.','1762 Volutpat Avenue','Ontario','MI','92890',11,'04/10/2008',NULL,'02/12/1945','120','592-409-3149','119-661-7969','517-689-4542','neque@euodiotristique.ca'),(18,'Portia','Newman','Chiquita','Dr.','P.O. Box 281, 2020 Donec Av.','Berkeley','DC','53255',2,'11/16/2004',NULL,'12/04/1946','87','796-692-7467','531-402-1756','325-271-5238','urna.Nunc.quis@eu.edu'),(19,'Colin','Carver','Cally','Mrs.','P.O. Box 462, 9418 Vestibulum St.','Dover','NJ','74038',6,'05/05/2001',NULL,'09/02/1971','139','578-441-5132','889-473-9431','713-390-8594','Nullam.nisl@Praesenteu.edu'),(20,'Quail','Winters','Erica','Ms.','P.O. Box 564, 8638 Lobortis Av.','Glens Falls','VA','59824',17,'10/08/2004',NULL,'11/30/1979','103','640-196-7150','868-203-4101','424-963-2705','risus@Inat.org'),(21,'Adele','Williamson','Perry','Mrs.','Ap #133-3134 Metus. Rd.','Watertown','NV','49899',13,'06/09/2005',NULL,'03/24/1986','53','596-140-7905','244-737-8018','493-707-4891','quis.urna@lectusCumsociis.ca'),(22,'Jolie','Keith','Lysandra','','P.O. Box 559, 9254 Facilisis Road','Providence','NE','14953',14,'07/05/2002',NULL,'11/06/1956','92','356-941-2998','681-121-9030','152-791-7951','dignissim@consectetuermaurisid.com'),(23,'Ralph','Franks','David','Dr.','P.O. Box 718, 6494 Nostra, Street','Baytown','GA','78482',7,'11/05/2001',NULL,'09/06/1969','71','585-288-5258','582-471-3361','743-600-2215','nec.urna@semegestasblandit.ca'),(24,'Sawyer','Kemp','Ariana','Mrs.','Ap #880-4070 Faucibus St.','Peru','NV','76544',1,'08/14/2005',NULL,'04/16/1983','61','728-980-8312','498-430-3331','698-130-3775','Phasellus.dolor@sitametlorem.org'),(25,'Patrick','Beck','Illiana','Ms.','P.O. Box 959, 9741 Risus. Av.','Racine','SD','34110',13,'06/11/2001',NULL,'09/05/1958','100','770-754-5497','237-862-3891','839-317-4585','lacinia.Sed@Integertinciduntaliquam.edu'),(26,'Olympia','Ewing','Rina','Ms.','P.O. Box 312, 5272 Mi Ave','Gardena','FL','08432',12,'12/31/2004',NULL,'07/26/1967','85','182-254-4026','308-262-5650','549-966-7607','neque@tellus.edu'),(27,'Bradley','Steele','Fallon','Mr.','427-821 Lobortis Road','New Bedford','NJ','70989',9,'03/17/2004',NULL,'06/24/1941','41','357-173-3567','108-228-8470','105-139-5048','est@etmagnaPraesent.org'),(28,'Skyler','Hamilton','Nash','Mrs.','P.O. Box 889, 4804 Velit. St.','Leominster','ID','81062',1,'09/18/2001',NULL,'06/29/1942','74','764-942-8728','399-620-5946','268-699-8576','enim@augueporttitor.org'),(29,'Germane','Barrera','Cheyenne','Ms.','P.O. Box 160, 238 Amet Avenue','Cape May','WV','10701',14,'08/23/2000',NULL,'09/16/1988','104','963-969-7082','855-927-6730','689-838-8479','pede.Cras@bibendum.com'),(30,'Orson','Berger','Yeo','Mr.','279-9465 Molestie St.','Lima','IL','24234',17,'04/11/2008',NULL,'06/19/1971','72','523-415-8493','393-446-8174','896-848-2331','luctus.aliquet.odio@Aliquam.org'),(31,'Chantale','Owens','Tyler','Mr.','460-1297 Metus. St.','Sandpoint','NJ','80904',4,'12/19/2000',NULL,'12/17/1957','78','869-492-9964','590-474-9113','160-367-5212','malesuada.ut.sem@venenatisvelfaucibus.ca'),(32,'Yardley','Paul','Kimberley','Mrs.','P.O. Box 137, 4297 Est, Road','Highland Park','MI','06496',8,'07/11/2006',NULL,'09/09/1951','148','843-435-5338','775-515-9827','957-532-1823','tellus@odiosemper.ca'),(33,'Garrison','Pate','Paula','Ms.','Ap #995-1302 Varius Ave','Newport News','AK','40257',12,'06/19/2007',NULL,'07/24/1977','72','930-344-3958','754-918-4514','393-562-6282','Donec.egestas@auctorodio.org'),(34,'Shelly','Levy','John','Mrs.','4885 Aenean Rd.','Fitchburg','NE','15919',1,'01/23/2003',NULL,'07/26/1972','67','432-162-9403','946-916-6729','551-193-6220','mauris.erat@Cras.edu'),(35,'Cecilia','Glass','Kiona','Mr.','Ap #918-9825 Proin Street','Cape Coral','VT','49854',14,'01/05/2004',NULL,'01/11/1954','121','581-395-3884','522-354-7329','663-306-7292','scelerisque.neque@mi.org'),(36,'Dara','Trevino','Nina','Mr.','Ap #860-6708 Ut, Road','Eden Prairie','PA','61800',12,'06/28/2003',NULL,'02/23/1967','107','853-435-7337','485-251-7483','569-235-6106','dui.Fusce@aliquetnec.com'),(37,'Maggie','Ward','Victoria','Mrs.','Ap #593-2527 Egestas. Avenue','Dodge City','MD','15876',12,'07/27/2001',NULL,'06/28/1951','134','464-979-3003','351-765-1736','682-473-8532','auctor.quis.tristique@luctuslobortis.ca'),(38,'Aimee','Deleon','Carl','Mrs.','1336 Convallis Ave','North Tonawanda','ME','60812',7,'07/26/2002',NULL,'08/08/1962','149','833-433-3192','735-753-1576','101-119-6258','scelerisque@mollislectuspede.ca'),(39,'Arden','Horton','Amanda','Ms.','P.O. Box 658, 4832 Non, Rd.','Torrington','MA','72443',5,'08/11/2001',NULL,'06/14/1978','84','461-664-7961','113-530-1465','436-214-9992','facilisis.magna@ipsumcursus.org'),(40,'Christine','Howell','Illiana','Mrs.','P.O. Box 518, 2028 Quam Ave','Hastings','CA','52825',5,'03/30/2002',NULL,'01/05/1972','111','905-506-7049','964-157-1597','859-170-5905','Aenean.egestas.hendrerit@luctus.edu'),(41,'Oleg','Alford','Oren','Ms.','742-3735 Euismod Rd.','Mesquite','FL','22275',1,'07/19/2008',NULL,'02/07/1945','24','177-258-7330','543-290-3534','313-772-8486','per@eueuismodac.ca'),(42,'Zeus','Hays','Sebastian','Dr.','2346 Metus. Ave','Green River','DC','71263',9,'04/14/2006',NULL,'06/22/1943','130','925-253-5632','383-693-8429','237-758-6590','Cras@Maurisnondui.edu'),(43,'Buckminster','Yang','Amela','Dr.','418-7331 Morbi Av.','Ansonia','FL','38000',7,'01/12/2004',NULL,'01/18/1953','112','342-156-5634','357-740-6267','972-251-3435','et.euismod@sedlibero.ca'),(44,'Isabelle','Richmond','Adam','Mr.','P.O. Box 516, 3632 Nec Rd.','Lima','SD','90939',17,'02/07/2004',NULL,'06/19/1963','70','172-359-4806','634-882-9574','731-284-4500','Integer.urna.Vivamus@Nullam.com'),(45,'Nichole','Trevino','Charity','Ms.','P.O. Box 270, 7448 Vel Street','Hornell','NC','41442',6,'07/02/2008',NULL,'06/25/1962','125','176-883-1129','896-434-4670','458-379-9340','eget@sagittis.org'),(46,'Germane','Kaufman','Wing','Ms.','5124 Aliquet Road','Montgomery','CT','53448',11,'02/11/2003',NULL,'07/27/1989','130','136-975-6910','916-627-3343','739-453-1429','lacus@Quisque.edu'),(47,'Joan','French','Caesar','Ms.','933-1069 Condimentum. St.','New Iberia','TX','93556',17,'08/08/2000',NULL,'12/15/1981','143','690-532-9499','380-901-7258','806-161-4772','libero.Proin@mauriserateget.com'),(48,'Wyatt','Simpson','Herrod','Ms.','5538 Mauris St.','Council Bluffs','AZ','63983',4,'01/24/2004',NULL,'08/27/1984','66','320-545-8185','593-519-9757','250-865-7785','Nam.nulla.magna@elit.com'),(49,'Sopoline','Mccray','Baker','Dr.','P.O. Box 657, 9238 Nisl St.','Helena','ME','49802',14,'09/19/2007',NULL,'12/17/1965','141','167-943-9042','642-582-2075','647-898-8949','adipiscing.elit@Sed.ca'),(50,'Magee','Douglas','Christian','','442-3202 Varius. St.','New Haven','WY','37576',8,'06/02/2004',NULL,'12/19/1973','134','988-705-9584','261-707-7191','721-645-5497','sociosqu.ad.litora@egestasnuncsed.com'),(51,'Brenda','Adkins','Brooke','','4818 Orci. Rd.','Shelton','MD','08302',2,'06/29/2000',NULL,'07/03/1959','96','937-540-3504','306-521-7288','155-553-3463','Sed@et.org'),(52,'Forrest','Peterson','Damon','','P.O. Box 842, 5874 Consectetuer, Rd.','Oshkosh','SD','29627',1,'12/09/2002',NULL,'05/16/1981','49','640-165-4259','393-330-3016','349-481-3311','Cras@etpedeNunc.ca'),(53,'Ulla','Wheeler','Kevin','Dr.','Ap #199-5147 Nisl. St.','New Madrid','WA','71790',8,'07/03/2001',NULL,'06/15/1985','43','437-923-5858','740-351-1596','666-658-8192','nulla.Cras.eu@Nullamscelerisque.org'),(54,'Ferdinand','Tran','Idona','','166-7608 Sed Ave','Temple City','FL','13785',10,'05/05/2006',NULL,'02/12/1958','129','427-625-7938','456-491-2678','594-932-4775','aliquam.adipiscing@neque.com'),(55,'Kasper','Finch','Aladdin','Mrs.','Ap #644-1517 Facilisis Road','Tacoma','ND','81295',2,'09/14/2007',NULL,'05/09/1964','131','164-991-6415','873-658-8586','547-421-6457','Praesent@faucibusidlibero.org'),(56,'Phelan','Benjamin','Blake','Ms.','P.O. Box 635, 9701 Sed Rd.','Rehoboth Beach','GA','80371',12,'11/08/2003',NULL,'06/02/1944','113','204-103-6032','165-626-7930','680-763-8615','Morbi.quis.urna@Nullasemper.com'),(57,'Dylan','Harrington','Abdul','Ms.','404-8089 Mi Street','Narragansett','WA','18909',6,'09/06/2005',NULL,'06/25/1948','118','645-767-5559','222-470-9313','660-448-8434','dolor@imperdieterat.org'),(58,'Armando','Martinez','Armand','','Ap #288-4247 Massa. St.','Bowie','NE','40068',1,'07/15/2007',NULL,'11/29/1963','100','197-550-2538','267-701-1670','797-814-3265','erat.Vivamus.nisi@egetmollis.com'),(59,'Steven','Ortiz','Azalia','Ms.','Ap #662-4071 Neque. St.','Greenfield','TN','30180',4,'03/02/2004',NULL,'10/23/1961','80','475-773-5697','270-437-7838','233-818-8881','in.faucibus.orci@In.org'),(60,'Joy','Middleton','Xenos','Ms.','Ap #810-4367 Magna. St.','Ephraim','MA','26066',5,'01/03/2006',NULL,'12/27/1968','82','235-597-5655','319-334-6995','445-328-3205','orci.adipiscing.non@auctorvelitAliquam.org'),(61,'Avram','Hoffman','Dorian','','951-5170 Mauris Street','Superior','OR','17734',15,'11/16/2006',NULL,'05/19/1943','18','548-530-9857','348-608-5676','561-988-1786','non@eratvolutpat.org'),(62,'Jonah','Marquez','Clementine','','P.O. Box 475, 371 Et Ave','Hazleton','LA','04322',3,'10/23/2007',NULL,'01/13/1979','102','123-421-3005','895-669-5274','877-656-3260','Etiam.vestibulum.massa@purusmaurisa.edu'),(63,'Chase','Olson','Mark','Mr.','357-642 Rhoncus. Street','Lubbock','OH','06111',10,'01/20/2002',NULL,'10/04/1946','70','120-377-5734','154-443-2347','971-293-1338','ac.nulla@sed.org'),(64,'Odysseus','Sosa','Sheila','Dr.','443 Erat Road','Palm Springs','ID','70860',8,'01/30/2006',NULL,'01/23/1943','124','466-355-2220','775-449-3189','846-590-1926','Nullam@lacusvestibulum.ca'),(65,'Aspen','Peterson','Wayne','Dr.','P.O. Box 953, 1606 Lobortis Road','Lockport','SC','05985',13,'10/26/2008',NULL,'02/04/1983','78','269-208-1478','348-878-4632','126-738-7944','eros.turpis@Integer.org'),(66,'Malcolm','Lucas','Leslie','Dr.','P.O. Box 165, 7142 Quam Road','Goose Creek','AK','80085',16,'10/04/2007',NULL,'10/03/1978','105','750-289-7428','275-768-1398','793-129-4682','neque@quis.ca'),(67,'Hu','Mcfadden','Joy','Mrs.','211-9886 Sem Rd.','Kettering','GA','25606',12,'08/11/2007',NULL,'01/09/1963','135','556-915-3191','435-866-2042','110-367-1831','faucibus@tacitisociosqu.com'),(68,'Naida','William','Ariel','Ms.','1248 Orci. Rd.','Fargo','DC','64946',10,'02/26/2001',NULL,'02/07/1948','23','163-619-5559','969-687-2035','433-401-3714','enim.Mauris.quis@Donecporttitortellus.com'),(69,'Freya','Bush','Leo','Dr.','P.O. Box 160, 8402 Ac St.','Sugar Land','WI','11476',8,'12/04/2006',NULL,'02/14/1969','39','413-265-4006','155-687-8758','115-887-1588','Integer@odio.edu'),(70,'Xaviera','Lowe','Isaac','Ms.','Ap #462-7294 Hendrerit Rd.','Rockford','MS','45757',4,'02/21/2005',NULL,'11/30/1981','61','795-263-7783','851-689-4314','565-158-5002','natoque.penatibus@idsapien.org'),(71,'Quentin','Mcleod','Nyssa','Mr.','3159 Pharetra, St.','San Bernardino','MN','21086',11,'06/23/2002',NULL,'12/18/1971','102','772-423-2779','428-145-6385','326-466-9339','diam@PraesentluctusCurabitur.org'),(72,'Kaseem','Bishop','Elmo','','6138 Tellus St.','Syracuse','FL','90842',2,'11/01/2000',NULL,'07/24/1987','91','705-866-4237','196-481-4529','330-767-2916','lacinia@posuere.ca'),(73,'Jemima','Mclaughlin','Jada','Mrs.','175-9360 Vitae, Road','Hayward','CA','20420',6,'05/13/2003',NULL,'06/05/1959','114','323-664-3742','218-848-9973','907-871-2310','aliquet@vitae.edu'),(74,'Jade','Callahan','Alexander','Ms.','195-3729 Nulla St.','Santa Fe Springs','FL','28459',15,'09/29/2007',NULL,'10/23/1982','122','777-342-5233','882-270-9484','901-326-6355','facilisi@ridiculusmus.org'),(75,'Rose','Potter','Perry','','521-2658 Nulla. Street','Rawlins','NH','79707',3,'04/30/2005',NULL,'02/14/1986','94','529-241-2019','285-223-8752','353-658-6850','scelerisque.mollis.Phasellus@acnulla.com'),(76,'Tara','Bauer','Tasha','Dr.','P.O. Box 335, 6779 Venenatis Road','Johnson City','OR','35704',8,'12/17/2003',NULL,'09/29/1964','29','740-695-7016','361-525-5189','572-791-8625','eu@pharetrasedhendrerit.org'),(77,'Aquila','Odom','Vivien','Dr.','Ap #253-9057 Natoque Rd.','Seal Beach','MI','15440',3,'01/10/2001',NULL,'06/24/1945','87','598-565-9169','162-215-6709','478-639-7106','ligula.eu@Crasvulputate.edu'),(78,'Francesca','Roberts','Tana','Ms.','P.O. Box 738, 1638 Ac Ave','Oklahoma City','UT','36741',3,'06/14/2001',NULL,'12/10/1976','143','805-395-2729','653-396-8825','167-856-9268','at@egetvenenatis.ca'),(79,'Breanna','Mcgowan','Belle','Dr.','P.O. Box 125, 4955 Lorem Av.','Columbus','OR','67393',1,'04/07/2008',NULL,'05/14/1954','70','620-307-7888','948-858-9902','984-485-2715','In.mi@turpisIn.com'),(80,'Rylee','Kinney','Hammett','Mrs.','P.O. Box 376, 2882 Lorem Rd.','Houston','KY','04461',13,'04/26/2003',NULL,'12/28/1966','99','329-677-6917','463-159-2541','695-616-4181','at.fringilla@mi.edu'),(81,'Halla','Oneill','Kamal','Mr.','Ap #782-8277 Mauris Road','Revere','AK','48742',3,'10/21/2001',NULL,'10/24/1964','37','447-184-9635','643-158-4257','312-212-7697','mi.felis@pedeetrisus.org'),(82,'Rudyard','Snow','Portia','Mr.','Ap #119-5281 Vitae St.','Baton Rouge','RI','84923',12,'12/12/2005',NULL,'12/12/1945','113','872-493-1054','458-576-8418','731-869-8317','Proin.ultrices@orcilobortisaugue.ca'),(83,'Morgan','Walsh','Kevyn','','P.O. Box 167, 7350 Consectetuer Rd.','Newport','CA','86470',8,'11/25/2007',NULL,'11/01/1978','147','585-486-1447','685-577-4615','207-964-1447','nec.cursus@convallisconvallisdolor.edu'),(84,'Len','Blanchard','Rogan','Ms.','235-2413 Purus Rd.','Middlebury','HI','32818',7,'06/26/2004',NULL,'01/21/1947','140','619-266-9892','843-643-4729','267-170-2561','mi.eleifend.egestas@sapienmolestieorci.ca'),(85,'Leila','Frederick','Yen','Ms.','P.O. Box 293, 8075 Urna St.','Passaic','LA','50492',6,'02/09/2000',NULL,'08/03/1974','29','258-415-5374','367-190-5651','922-672-9365','Nunc@Suspendisse.org'),(86,'Ulric','Davis','Jenna','Dr.','P.O. Box 397, 3905 Ante Street','Glen Cove','NE','92252',13,'06/08/2004',NULL,'01/16/1954','71','884-149-6607','390-424-2580','986-277-4047','erat.Etiam@atnisi.org'),(87,'Kim','Hull','Colton','Dr.','Ap #233-3884 Fusce St.','Ruston','MS','09191',7,'04/06/2000',NULL,'07/23/1949','74','407-574-8125','580-299-1162','105-755-9323','ut.erat@aultriciesadipiscing.edu'),(88,'Guinevere','Hawkins','Savannah','Mr.','786-8886 Ante, Ave','Agawam','VA','30849',1,'10/28/2006',NULL,'06/01/1980','62','497-869-7562','804-800-4337','895-486-5338','augue@estacfacilisis.org'),(89,'Maisie','Joseph','Maia','Dr.','349-2668 Pede Rd.','Oklahoma City','AZ','94434',6,'05/05/2001',NULL,'11/30/1950','117','146-311-4714','825-808-3976','622-648-6443','diam.Duis@Phasellus.org'),(90,'Sylvester','David','Colleen','Dr.','391-8233 Magna. Street','Pueblo','NJ','62056',9,'02/05/2003',NULL,'10/26/1948','141','728-170-7735','225-246-5181','579-278-7687','sit@nondapibusrutrum.edu'),(91,'Rashad','Chen','Roary','','Ap #720-1827 Nunc Av.','Burlington','AL','60223',5,'04/27/2001',NULL,'12/22/1975','130','776-998-1060','947-905-4900','692-260-2578','Sed.congue.elit@pedeNuncsed.org'),(92,'Jamalia','Mcfadden','Maggy','Dr.','P.O. Box 332, 3351 Vitae Rd.','San Gabriel','WV','94755',17,'11/19/2004',NULL,'10/12/1976','127','942-363-3981','309-173-9179','834-715-5000','conubia.nostra.per@feugiattelluslorem.edu'),(93,'Jackson','Stout','Kessie','Ms.','P.O. Box 451, 768 Ornare. Rd.','Chino','NC','58853',11,'05/22/2006',NULL,'05/05/1944','33','338-148-3422','855-953-5041','399-460-8170','augue.eu.tellus@fringillacursuspurus.ca'),(94,'Mari','Oneal','Teagan','Ms.','P.O. Box 344, 2314 Dolor Rd.','Derby','NC','36395',4,'01/13/2003',NULL,'07/17/1956','78','613-714-5805','197-479-8105','698-941-2142','malesuada.fames.ac@maurisInteger.com'),(95,'Kyle','Sanford','Gretchen','','194-3379 Fames Ave','Kingston','ME','08035',8,'12/27/2004',NULL,'01/17/1975','50','654-389-3894','665-958-7656','823-871-9300','mus@eratSednunc.org'),(96,'Finn','Benson','Yetta','Mrs.','500-3335 Volutpat. Rd.','Oswego','NV','92890',16,'10/20/2004',NULL,'05/11/1962','58','830-824-7688','847-847-6884','541-985-5512','condimentum.eget@urnaNunc.ca'),(97,'Emi','Santiago','Jasmine','Dr.','Ap #220-4072 Suspendisse Av.','West Lafayette','NH','13705',10,'10/18/2006',NULL,'05/15/1957','18','723-178-2098','943-689-3806','957-354-3387','vel.est@pellentesqueeget.ca'),(98,'Uma','Whitfield','Odette','Mrs.','474-4297 Nec Rd.','Valparaiso','NV','15529',5,'02/23/2006',NULL,'03/23/1955','58','125-810-7962','967-596-9660','939-296-5611','risus.at@ametlorem.com'),(99,'Nasim','Howe','Adara','Dr.','Ap #868-5599 Vitae Avenue','Aguadilla','IL','88893',6,'03/12/2007',NULL,'01/15/1953','44','724-876-3625','994-146-2373','884-716-9836','magna@loremut.com'),(100,'Sydnee','Banks','Magee','','P.O. Box 181, 2924 Accumsan Road','Pass Christian','WV','28606',8,'07/09/2003',NULL,'04/30/1987','149','734-821-8457','685-657-8166','515-817-7031','erat.vel.pede@arcu.com'),(101,'Paki','Burgess','Mira','Mr.','578-3067 Dolor Avenue','Hoover','NM','54772',7,'01/27/2005',NULL,'05/09/1977','126','424-183-8323','354-995-9621','589-998-7314','velit.eu.sem@egestasAliquamfringilla.org'),(102,'Aidan','Callahan','Shoshana','Mrs.','Ap #134-7701 Egestas, Av.','Waukegan','NH','16470',4,'12/06/2005',NULL,'06/22/1949','89','876-960-7407','836-655-6891','237-228-5874','cursus@vitaemauris.com'),(103,'Chancellor','Battle','Wing','Ms.','856-1876 Diam Road','Texas City','UT','40166',11,'08/26/2003',NULL,'02/12/1958','70','365-411-5556','673-872-1720','381-767-9885','tellus.sem.mollis@egestasFuscealiquet.com'),(104,'Felix','Ellison','Ramona','Dr.','Ap #943-9028 Dolor. Rd.','West Sacramento','RI','60610',15,'04/20/2005',NULL,'01/04/1942','117','198-527-3621','612-119-3982','283-969-7751','eu.tellus.eu@a.edu'),(105,'Bianca','Leblanc','Macy','Dr.','Ap #650-7007 Pellentesque. St.','Durham','NV','36097',13,'02/19/2002',NULL,'10/23/1977','27','224-616-7363','228-412-2640','701-779-4902','eu.enim.Etiam@convallisestvitae.edu'),(106,'Zeus','Vaughan','Edward','','417-4569 Consequat Street','Bandera','WI','57584',10,'11/02/2001',NULL,'11/19/1951','127','379-761-7802','102-913-2958','924-108-9722','Quisque@lacusvariuset.ca'),(107,'Porter','Graham','Vielka','Mrs.','972-4456 Ipsum St.','Sedalia','KS','20187',12,'05/08/2007',NULL,'05/24/1959','102','840-869-6912','851-341-5790','240-916-7525','diam@quama.org'),(108,'Harriet','Doyle','Jaime','','6150 Lorem, Rd.','Richmond','CT','99081',3,'12/14/2003',NULL,'07/07/1959','16','148-491-3028','664-370-6370','384-292-5432','Vestibulum.accumsan.neque@liberoDonecconsectetuer.edu'),(109,'Winter','Brewer','Jonah','Dr.','570-2422 Pede, Road','Yorba Linda','IN','44933',1,'10/08/2004',NULL,'01/09/1966','41','276-351-5454','543-887-5656','889-735-3644','Donec.est@amet.edu'),(110,'Tiger','Cannon','Charde','Mr.','413-7679 Condimentum. Road','Rensselaer','UT','18452',8,'09/16/2002',NULL,'11/18/1967','139','249-141-2335','137-167-4494','560-904-1053','consequat.enim@magna.org'),(111,'Felix','Middleton','Maggy','','753-9019 Curabitur Rd.','Springfield','AK','96305',15,'09/17/2007',NULL,'03/21/1978','102','789-699-8576','968-612-3278','982-891-4283','nec.mollis.vitae@feugiatplacerat.org'),(112,'Mira','Kirby','Demetria','Mr.','906-1873 Euismod Ave','Sandpoint','NM','67264',11,'10/22/2005',NULL,'12/11/1964','114','367-890-7207','303-317-7660','298-457-5439','a.facilisis.non@pretiumneque.org'),(113,'Wade','Bradshaw','Geoffrey','Dr.','6203 Arcu. Rd.','Coatesville','DE','91458',4,'04/13/2001',NULL,'11/09/1974','131','632-325-7791','251-533-6100','248-663-8670','facilisis.facilisis@Aeneaneuismod.org'),(114,'Stewart','Mcdowell','Dana','Ms.','792-6544 Turpis Avenue','Winston-Salem','NJ','77569',17,'08/28/2001',NULL,'12/25/1946','54','826-600-2948','235-521-5688','888-373-4169','ipsum.leo.elementum@Vestibulum.ca'),(115,'Lewis','Holmes','Drew','','7234 Magna. Av.','Sacramento','MD','30658',8,'03/17/2005',NULL,'03/14/1957','22','169-492-8890','386-388-3595','176-606-4999','varius.Nam@sem.edu'),(116,'Castor','White','Graiden','Mr.','Ap #136-3970 Tincidunt Av.','Mesa','WV','36776',8,'09/05/2002',NULL,'03/26/1961','48','483-539-9720','510-420-4188','635-183-1729','ipsum.nunc@dapibus.com'),(117,'Frances','Stone','Ina','Mr.','Ap #483-4231 Augue Rd.','Georgetown','MN','49275',17,'09/11/2002',NULL,'01/08/1949','76','942-584-5511','539-571-3828','195-579-5112','Nulla@egestaslaciniaSed.com'),(118,'Adele','Ryan','Linus','Ms.','931-4221 Quisque Av.','Tallahassee','KY','86025',6,'07/19/2007',NULL,'09/06/1954','146','659-824-3086','912-264-8303','518-459-7677','Pellentesque@ornarelectus.org'),(119,'Britanni','Barron','Zachary','Mrs.','153-4530 Placerat. Rd.','Mission Viejo','WY','36613',13,'12/18/2001',NULL,'11/13/1954','66','474-329-1816','365-443-2681','904-839-7144','Fusce.aliquet.magna@dolorFusce.com'),(120,'Quinn','Fernandez','Alec','Ms.','Ap #739-2284 At Rd.','Selma','RI','75802',9,'10/23/2002',NULL,'05/17/1990','47','177-975-3770','895-627-9012','298-535-2146','ad.litora@aliquamenim.com'),(121,'Wing','Huff','Mona','Dr.','Ap #313-3210 Pellentesque Ave','Clarksville','WV','72347',5,'03/05/2008',NULL,'05/17/1944','91','443-251-3856','468-645-9354','173-550-8031','egestas.lacinia.Sed@nibhvulputatemauris.edu'),(122,'Honorato','Adams','Garth','Ms.','Ap #329-4503 Phasellus Ave','Hilo','MO','42514',17,'09/24/2000',NULL,'01/27/1974','100','956-942-4656','389-757-6136','309-954-6094','In@sit.ca'),(123,'Zachary','Pollard','Wing','Ms.','3900 Nulla Street','Bandon','NH','91255',10,'03/18/2006',NULL,'03/28/1978','29','740-640-1678','951-365-5507','377-613-4293','Nunc.sed.orci@a.com'),(124,'Dora','Luna','Jermaine','','724-1406 Velit Avenue','Santa Fe','NV','11312',11,'12/18/2007',NULL,'09/05/1975','104','623-770-6238','625-121-5686','592-475-7272','Maecenas.libero.est@magnaPraesentinterdum.edu'),(125,'Sarah','Watkins','Judah','Ms.','Ap #964-1355 Ut St.','Yazoo City','NC','27639',1,'11/16/2007',NULL,'11/21/1947','78','447-152-5179','728-929-4382','598-440-1661','at@ut.ca'),(126,'Tana','Newman','Alexis','Dr.','P.O. Box 224, 6934 A, Rd.','Orange','CO','70498',2,'08/18/2005',NULL,'09/26/1969','57','484-494-8245','320-487-8410','818-373-8157','tempor.diam.dictum@nislelementumpurus.ca'),(127,'Todd','Bishop','Leah','Dr.','509-6443 At, St.','Logan','NJ','61842',5,'05/24/2006',NULL,'09/03/1979','70','180-732-7952','526-783-4525','196-833-9045','malesuada@fringillacursuspurus.org'),(128,'Kalia','Slater','Emi','Mr.','Ap #103-6272 Metus. Rd.','Boulder City','MN','05777',11,'05/18/2002',NULL,'07/06/1977','40','595-869-3312','115-174-3738','425-447-1056','facilisis.Suspendisse.commodo@scelerisquesed.com'),(129,'Flavia','Thompson','Reese','Mr.','398-4633 Curabitur Avenue','Decatur','KY','73989',12,'12/25/2004',NULL,'07/11/1986','95','626-954-1834','540-309-8329','693-416-1578','arcu.Morbi.sit@egetmagnaSuspendisse.edu'),(130,'Hanae','Owens','Isadora','','277 Lacinia Street','Fond du Lac','IL','46884',4,'07/26/2005',NULL,'09/21/1942','116','138-703-8847','503-110-2410','960-499-7657','feugiat@tortorat.ca'),(131,'Paula','Pace','Jana','Mr.','Ap #383-1059 Venenatis Ave','Wahoo','CO','34981',15,'11/28/2000',NULL,'01/08/1980','107','693-828-3794','643-276-6375','781-767-1117','imperdiet.ullamcorper@duiFusce.edu'),(132,'Stephen','Stanton','Wang','Dr.','4261 Eu Rd.','Gaithersburg','MT','48562',17,'10/19/2003',NULL,'02/04/1969','106','818-291-9969','584-670-1575','599-445-5065','enim@vitaediam.ca'),(133,'Kaseem','Cohen','Olga','','P.O. Box 299, 8004 Et St.','Moorhead','CT','69317',15,'03/05/2006',NULL,'01/28/1988','121','691-163-9587','649-935-5381','457-193-4462','ac@iaculisodio.ca'),(134,'Xander','Shields','Quinn','','Ap #787-2509 Non St.','Rocky Mount','WY','12272',10,'02/13/2002',NULL,'11/07/1987','133','461-976-1679','934-497-6162','514-761-7564','Nunc@lacusQuisque.com'),(135,'Branden','Brewer','Doris','Mrs.','Ap #150-6266 Ut Rd.','Kenner','SD','89591',14,'09/02/2002',NULL,'02/15/1961','109','627-745-4506','923-406-2495','947-316-2743','eleifend.vitae@estMauris.ca'),(136,'Colleen','Hendrix','Aspen','Ms.','4260 Cras Road','Vicksburg','ND','12431',6,'07/07/2007',NULL,'08/15/1957','134','946-777-1263','650-618-4997','406-987-6840','mattis@tinciduntcongueturpis.ca'),(137,'Amena','Ferguson','Dominic','Dr.','312-6395 Mauris St.','Oak Ridge','GA','85108',10,'02/13/2004',NULL,'06/12/1956','60','235-545-7465','762-787-6177','669-995-7801','vel.convallis.in@pharetra.com'),(138,'Tad','Oconnor','Dalton','Dr.','Ap #357-3729 Quis St.','Waukegan','MT','70165',6,'02/18/2003',NULL,'12/01/1978','98','433-231-3340','524-139-2197','926-306-3510','lorem.Donec@acrisusMorbi.org'),(139,'Camille','French','Anjolie','Mrs.','Ap #474-9737 Fermentum Av.','Joliet','OH','23994',3,'08/22/2005',NULL,'11/16/1948','92','785-902-2414','614-186-8297','909-428-4213','enim.diam.vel@leo.com'),(140,'Bruce','Richardson','Xenos','','128-1188 A Street','Bandon','MI','14837',15,'01/02/2001',NULL,'12/23/1967','60','218-390-4161','301-950-3597','277-652-5936','nec@DuisgravidaPraesent.com'),(141,'Barclay','Mayer','Nash','Dr.','5030 Bibendum Ave','Akron','DE','29261',11,'07/25/2005',NULL,'09/12/1983','91','232-804-4334','742-212-5951','895-296-1166','nisl.Maecenas@iaculislacus.org'),(142,'Hannah','Prince','Ocean','Mr.','P.O. Box 604, 679 Augue Rd.','Somerville','MD','50970',3,'06/30/2001',NULL,'09/03/1973','76','987-790-6516','752-633-6329','349-661-6227','dui@ullamcorper.edu'),(143,'Holmes','Little','Pamela','Dr.','P.O. Box 242, 3955 Egestas Ave','Dodge City','OK','10960',16,'03/23/2000',NULL,'03/29/1951','73','978-944-7141','738-214-6219','814-342-9344','netus@atvelitPellentesque.ca'),(144,'Tanisha','Barton','Amaya','','Ap #972-9973 Magna, Street','Rolling Hills Estates','CT','88098',1,'03/24/2008',NULL,'06/15/1972','102','825-909-2028','121-463-4363','252-319-3642','erat.in.consectetuer@Nam.ca'),(145,'Whoopi','Holland','Sara','Ms.','P.O. Box 931, 9013 Habitant Rd.','Valparaiso','VT','02681',13,'05/25/2003',NULL,'07/04/1953','128','733-251-4228','532-499-1204','518-655-8328','fermentum.convallis.ligula@etrisus.org'),(146,'Kieran','William','Mary','','953-227 Mollis Road','Rancho Cucamonga','UT','78370',1,'07/31/2002',NULL,'05/14/1988','104','620-655-4932','859-860-3162','233-544-8710','libero@aliquetvel.org'),(147,'Wyoming','Bennett','Daniel','Mr.','396-7289 Donec Road','Stafford','IN','16294',11,'02/26/2003',NULL,'08/10/1955','110','944-572-5659','502-415-6264','567-716-9156','ullamcorper.Duis@ligulaDonec.com'),(148,'Shay','Warren','Wylie','Mr.','537-4625 Sapien. St.','Plantation','SD','09125',7,'11/24/2003',NULL,'02/12/1943','37','257-472-5483','511-727-8489','711-451-4149','dui@tinciduntorciquis.org'),(149,'Cyrus','Guerra','Aiko','','P.O. Box 428, 2707 Aenean St.','Midwest City','TX','69878',17,'05/14/2003',NULL,'03/29/1974','15','363-709-3597','583-703-7949','593-614-6513','justo.faucibus@arcu.com'),(150,'Allen','Banks','Akeem','Ms.','P.O. Box 134, 1967 Nam St.','La Cañada Flintridge','MD','21290',3,'01/04/2002',NULL,'04/07/1984','107','589-931-9949','305-681-9839','741-487-1153','non.lorem.vitae@Quisqueporttitoreros.org'),(151,'Shellie','Pruitt','Virginia','Mr.','907-163 Mauris Avenue','Rancho Palos Verdes','WA','36258',9,'06/25/2002',NULL,'10/14/1970','84','707-944-6013','967-921-6792','826-666-8776','sociis.natoque.penatibus@fringilla.ca'),(152,'Sybill','Bright','Eve','Mrs.','8049 Augue St.','Council Bluffs','IN','06429',1,'05/31/2000',NULL,'06/21/1973','73','166-601-1819','340-268-5590','601-711-4467','amet.metus@mollisIntegertincidunt.ca'),(153,'Lee','Estrada','Lacota','Ms.','5221 Lacus, Rd.','Carolina','CT','35655',5,'11/10/2008',NULL,'09/18/1955','143','776-944-9075','466-619-1970','578-562-7888','luctus.ut.pellentesque@faucibusorciluctus.ca'),(154,'Stacey','Chavez','Tashya','Mr.','7798 Pellentesque. Street','Dana Point','ME','58041',11,'11/06/2004',NULL,'05/17/1970','29','749-877-7685','272-480-9359','261-857-2573','risus.In.mi@nonlacinia.edu'),(155,'Malachi','Moody','Damon','Ms.','Ap #410-2738 Nec, St.','Somersworth','HI','67715',15,'03/12/2004',NULL,'12/31/1954','95','232-795-6547','761-391-2811','618-934-3276','enim.diam.vel@semperegestasurna.org'),(156,'Autumn','Barrera','Martha','Mr.','Ap #390-4477 Dictum Street','Ann Arbor','ND','87944',13,'07/18/2001',NULL,'12/31/1975','99','213-963-3109','895-916-9845','643-567-9951','rutrum@interdum.ca'),(157,'Ulla','Chavez','Madeline','Mrs.','770 Mollis St.','Kahului','ME','40529',6,'12/03/2003',NULL,'12/16/1959','41','927-842-9432','423-609-7065','742-598-7743','In.lorem@quisdiamPellentesque.ca'),(158,'James','Farrell','Mary','Mr.','917-9158 Amet St.','Latrobe','RI','13854',7,'03/20/2007',NULL,'10/22/1983','129','161-971-5050','908-313-8790','539-262-6881','vitae.erat@eu.org'),(159,'Wesley','Stout','Jael','','5573 Nullam Avenue','West Haven','ID','72864',4,'03/20/2000',NULL,'03/09/1954','78','758-913-3625','502-377-3117','475-817-7830','fermentum.metus.Aenean@atfringillapurus.edu'),(160,'Levi','Simpson','Shellie','','Ap #159-2569 Eu Avenue','Ogdensburg','WY','22495',6,'08/09/2002',NULL,'02/01/1957','101','546-825-5163','410-320-5950','408-767-5883','blandit.mattis.Cras@a.edu'),(161,'Winter','Osborn','Dawn','Ms.','595-7327 Ligula Av.','Bell','NM','67380',14,'10/31/2001',NULL,'04/12/1953','125','617-244-5571','893-609-8085','224-575-6340','Integer.vitae@duiquis.org'),(162,'Kiayada','Gilliam','Thaddeus','Mr.','9133 Tellus Street','Bloomington','CT','10896',10,'05/19/2007',NULL,'03/08/1985','49','470-314-3552','765-336-2341','671-208-7648','faucibus.id@parturient.edu'),(163,'Chloe','Rivers','Mariam','Dr.','8907 Ipsum St.','Morrison','GA','27919',1,'02/23/2000',NULL,'01/31/1986','140','804-120-7213','116-979-9570','497-817-6328','ante.ipsum.primis@Duisgravida.edu'),(164,'Brynn','Dalton','Larissa','Dr.','1036 Porttitor Ave','Little Falls','WV','52005',15,'10/06/2006',NULL,'10/23/1980','15','295-544-8609','853-246-8980','871-356-4435','et.malesuada@commodo.ca'),(165,'Raja','Blake','Unity','Mrs.','4886 Etiam Rd.','Stafford','NM','13959',4,'02/25/2003',NULL,'03/21/1975','92','651-937-6064','252-610-4574','298-707-8391','interdum.feugiat.Sed@pharetraut.com'),(166,'Dustin','Alston','Zachery','Mrs.','P.O. Box 471, 8056 At Street','Olympia','LA','97410',8,'06/01/2001',NULL,'03/11/1982','98','864-112-7393','696-355-7755','610-799-9664','ultrices.Vivamus.rhoncus@lobortis.com'),(167,'Lynn','Tyler','Stuart','Dr.','5309 Nunc Avenue','Council Bluffs','WY','63212',1,'11/19/2004',NULL,'05/15/1949','102','573-815-5715','131-860-2846','825-346-4364','Aliquam.ultrices@amet.edu'),(168,'Rigel','Collier','Alexa','','P.O. Box 668, 5745 Nunc Av.','Waco','MT','50113',8,'09/22/2005',NULL,'11/18/1951','63','119-660-4400','667-653-4106','581-302-3462','est.tempor@necurnaet.org'),(169,'Blake','Alvarez','Lillith','Mrs.','732-4261 Tortor. Rd.','Garden Grove','KY','80331',10,'12/21/2002',NULL,'01/06/1948','92','272-965-8208','713-190-8976','446-789-1549','neque.tellus@aliquamarcuAliquam.com'),(170,'Uriel','Bradford','Wallace','Ms.','P.O. Box 382, 7389 A, St.','Kahului','AL','31022',8,'10/26/2005',NULL,'08/18/1963','96','420-656-6197','482-460-5391','523-376-8545','nunc.ullamcorper@vulputate.ca'),(171,'Beatrice','Thomas','Gil','Mr.','4104 Sit Av.','Amesbury','CO','57930',2,'01/25/2008',NULL,'11/19/1974','60','833-255-6586','360-758-7984','610-518-9463','arcu@liberoMorbiaccumsan.org'),(172,'Nevada','Berger','Jason','','303-4568 Ante Road','Canandaigua','HI','35983',14,'06/28/2007',NULL,'07/30/1948','41','593-648-2542','438-359-4217','904-206-2691','Phasellus.nulla@Aliquamnisl.edu'),(173,'Drew','Mccoy','Rylee','Ms.','Ap #990-224 A Rd.','Temecula','HI','43178',2,'11/15/2008',NULL,'08/14/1973','103','578-664-7530','416-787-5199','145-109-1674','lacus@Uttinciduntorci.ca'),(174,'Hamilton','Figueroa','Vivien','Dr.','P.O. Box 403, 7186 Nisl. St.','Sioux Falls','KS','51795',16,'02/20/2001',NULL,'04/24/1978','116','762-685-8477','765-136-3482','270-808-4148','risus.odio@Donecnon.ca'),(175,'Darius','Cortez','Malcolm','Mrs.','8868 Maecenas Road','Houma','DE','95870',1,'10/08/2006',NULL,'03/28/1946','74','387-123-1827','543-332-5910','883-698-8429','sed@vulputatevelit.ca'),(176,'Farrah','Cruz','Kyra','','416-6219 Integer Street','Pueblo','IL','47232',2,'04/28/2000',NULL,'06/30/1954','27','879-795-8598','336-318-3477','419-331-4525','Donec.feugiat@arcuCurabitur.org'),(177,'Stephanie','Duke','Maile','Ms.','P.O. Box 103, 2263 Lectus Avenue','Miami Gardens','LA','63400',12,'05/08/2001',NULL,'06/23/1987','68','621-406-4399','559-523-1862','902-684-7940','egestas.lacinia@Morbiquis.ca'),(178,'Aimee','Carroll','Kevin','Ms.','819-3350 Volutpat. Road','New Haven','SC','13477',15,'11/26/2005',NULL,'08/14/1952','121','970-561-2767','659-644-8031','219-999-9712','sagittis.placerat.Cras@diam.com'),(179,'Melodie','Simmons','Cally','Dr.','Ap #345-2430 Ut Av.','Binghamton','AK','81804',6,'09/20/2008',NULL,'03/01/1960','124','674-442-3971','546-993-2382','158-928-6353','fermentum@lacusUt.ca'),(180,'Price','Carey','Alyssa','Mr.','Ap #444-7569 Dolor. Av.','Gardner','NC','75166',1,'11/09/2008',NULL,'07/08/1961','101','574-766-5606','411-835-5661','865-312-1721','Aliquam@dapibusligula.org'),(181,'Alan','Harding','Fulton','','552-4564 Magnis Rd.','Yazoo City','VT','51727',15,'01/17/2008',NULL,'09/14/1955','133','959-234-5386','985-821-9499','858-130-5870','egestas.blandit@enimcommodo.edu'),(182,'Walker','Waters','Raven','Mrs.','3883 Vel, Rd.','Bartlesville','IL','27753',16,'06/12/2004',NULL,'05/10/1990','57','332-371-1749','357-347-1642','602-787-4937','Aenean.sed@porttitor.edu'),(183,'Alexa','Whitaker','Mark','Mrs.','P.O. Box 657, 7890 Metus. Avenue','Norfolk','NH','80218',16,'02/03/2002',NULL,'01/14/1963','107','800-518-5589','286-516-4345','840-268-7035','mauris@nullaIntincidunt.com'),(184,'Camille','Church','Kuame','Mr.','921-7171 Egestas Av.','Monterey Park','NE','16997',2,'11/13/2003',NULL,'10/21/1985','22','224-655-3796','974-784-3687','660-835-2125','dolor.Quisque@atortorNunc.ca'),(185,'Olivia','Henderson','Garrison','Mr.','780-8922 Quam St.','Ventura','ND','21737',11,'06/12/2007',NULL,'03/06/1978','50','216-220-6300','914-520-4433','782-325-2435','erat.vel@lobortis.ca'),(186,'Amos','Powell','Macey','','Ap #494-9614 At Av.','Cruz Bay','FL','84605',6,'10/28/2006',NULL,'01/26/1954','65','611-265-4304','525-939-1682','255-859-3238','nec.leo@temporerat.org'),(187,'Wanda','Tanner','Jermaine','Ms.','546-9185 Luctus St.','Chicago','WA','17591',3,'11/08/2006',NULL,'01/12/1942','22','558-581-3495','800-524-3695','275-859-4529','egestas.hendrerit.neque@nonummyipsum.com'),(188,'Aristotle','Waller','Celeste','Mrs.','2398 Dui Ave','Santa Cruz','HI','36677',6,'06/14/2000',NULL,'07/11/1951','48','586-345-3965','708-779-7826','606-447-3590','nascetur.ridiculus.mus@pedesagittis.com'),(189,'Stacy','Espinoza','Gwendolyn','Mrs.','P.O. Box 424, 5996 Lacus. St.','Uniontown','DE','35472',1,'02/22/2004',NULL,'10/01/1953','82','195-186-2047','948-809-6216','808-816-7102','egestas@tellussemmollis.ca'),(190,'Briar','Molina','Chandler','Mrs.','5936 Rhoncus. Av.','Yorba Linda','AL','90464',17,'03/19/2003',NULL,'08/14/1949','25','432-601-5814','639-651-1773','205-619-6898','Nulla@Donec.edu'),(191,'Kadeem','Hood','Zenaida','Dr.','P.O. Box 900, 7698 Et Rd.','Abilene','OR','73564',1,'11/15/2008',NULL,'11/18/1967','52','280-797-8952','670-846-8400','259-378-3399','nec.imperdiet.nec@habitantmorbi.edu'),(192,'Jerry','Reilly','Guinevere','Mrs.','3313 Interdum Avenue','Loudon','CT','19616',17,'03/26/2005',NULL,'07/03/1960','112','953-964-1363','680-608-1674','586-657-9745','semper@enimEtiamimperdiet.edu'),(193,'Natalie','Washington','Dolan','Ms.','Ap #827-9907 Suspendisse Street','Mobile','SC','95304',1,'01/07/2000',NULL,'04/11/1978','41','977-852-3205','622-460-5338','274-819-5844','non@Duiselementumdui.com'),(194,'Madeline','Baxter','Jonas','','850-246 Bibendum Av.','Yigo','NY','43638',1,'08/29/2006',NULL,'07/13/1980','73','411-123-1651','237-168-5242','339-741-3971','ullamcorper@nisimagna.ca'),(195,'Keelie','Velazquez','Darius','Mr.','Ap #458-2907 Nec, Rd.','Auburn Hills','HI','83636',5,'12/24/2001',NULL,'01/22/1968','108','896-956-1354','802-407-4609','582-901-1609','conubia.nostra@a.com'),(196,'Palmer','Elliott','Dana','Mrs.','1518 Purus. St.','Ponce','MT','57266',11,'08/21/2007',NULL,'06/22/1968','43','900-486-5882','573-750-1992','584-898-8080','suscipit.nonummy.Fusce@ridiculusmus.org'),(197,'Omar','Richard','Jorden','Mr.','Ap #274-1257 Odio. Avenue','Warren','CA','68615',16,'08/15/2005',NULL,'05/10/1948','122','416-926-4664','401-492-4406','175-130-7649','placerat@acipsumPhasellus.ca'),(198,'James','Short','Jada','Mr.','900-6594 Ullamcorper Ave','Chico','CA','10778',7,'12/02/2003',NULL,'11/10/1986','144','775-776-9980','446-802-1707','679-139-1891','tristique.pharetra@pedePraesenteu.ca'),(199,'Orlando','Sharpe','Maia','Mr.','Ap #463-7401 Nibh. St.','Anaconda','IN','31251',1,'01/07/2002',NULL,'12/27/1950','57','356-104-5796','890-676-5803','331-840-7178','vel@amet.ca'),(200,'Zia','Boyd','Martena','Mrs.','902-3938 In Road','Texas City','IA','55096',7,'05/31/2003',NULL,'09/25/1947','84','519-770-1410','446-228-8321','247-387-8880','magna.Phasellus.dolor@semutdolor.ca'),(201,'Lillian','Best','Prescott','Ms.','8820 Euismod Ave','Allentown','NC','74190',3,'01/18/2000',NULL,'03/29/1976','102','320-795-4508','149-551-9844','899-890-3439','enim.Sed@imperdiet.org'),(202,'Cyrus','Vazquez','Lavinia','','Ap #824-6775 Vel, St.','Deadwood','PA','49714',15,'01/10/2008',NULL,'04/02/1981','32','224-182-3307','376-573-7218','788-567-9166','sapien.gravida@Nuncpulvinararcu.org'),(203,'Remedios','Avila','Dylan','','P.O. Box 189, 6619 Ipsum Rd.','Pittston','VA','68108',15,'10/14/2001',NULL,'10/20/1982','50','859-238-5361','260-886-3184','103-242-5708','In@atarcu.org'),(204,'Camille','Riddle','Elton','Dr.','Ap #293-9468 Vitae Road','Taunton','KS','29588',12,'11/27/2001',NULL,'08/24/1969','144','799-523-3406','560-144-7377','539-346-6884','Proin.sed.turpis@mi.com'),(205,'Liberty','Owen','Adam','Mrs.','Ap #101-3193 Lobortis. Av.','Healdsburg','HI','58878',7,'09/10/2006',NULL,'06/24/1943','100','732-293-9910','489-624-1784','303-219-3131','metus.eu@nonfeugiat.org'),(206,'Reese','Faulkner','Sierra','','7014 Odio St.','Atwater','NE','99614',9,'01/12/2003',NULL,'05/10/1967','17','973-110-6733','771-166-5919','876-532-2111','Duis@telluslorem.ca'),(207,'Honorato','Herman','Colt','Ms.','Ap #765-9144 Lectus. Rd.','Texarkana','NJ','13202',16,'08/17/2004',NULL,'01/02/1968','42','712-773-1617','682-816-5561','312-466-1742','volutpat.Nulla.dignissim@risus.org'),(208,'Lesley','Payne','Lacota','Ms.','9277 Ridiculus Street','Rock Island','NH','42233',11,'07/04/2006',NULL,'08/03/1988','106','442-559-8448','922-394-8546','318-337-7925','egestas.Sed@inlobortis.org'),(209,'Willow','Sawyer','Harper','','4188 Cras St.','Merced','ID','08163',7,'04/06/2007',NULL,'08/12/1970','144','266-203-4521','724-982-9712','605-942-1356','tortor.dictum.eu@auctorquis.edu'),(210,'Hadassah','Ware','Ray','Mrs.','727-4392 Cum St.','Mobile','NC','91699',13,'09/26/2003',NULL,'01/23/1949','94','988-985-6518','723-565-5454','120-233-4657','elementum@leoVivamus.ca'),(211,'Baker','Frazier','Blythe','Ms.','Ap #703-5281 Mauris Rd.','Warren','LA','08699',5,'12/13/2002',NULL,'03/07/1960','131','654-879-3957','260-751-8843','470-572-9234','sit.amet.consectetuer@Donecfeugiat.edu'),(212,'Yoshio','Berry','Arsenio','Mrs.','7914 Cras St.','Monterey','MI','38088',15,'07/01/2003',NULL,'02/25/1960','87','916-128-6692','385-838-4751','199-232-8211','eget.venenatis.a@Aeneansedpede.org'),(213,'Plato','Briggs','Rachel','Ms.','P.O. Box 709, 8583 Aliquam Street','Danville','NE','91839',17,'11/19/2008',NULL,'11/24/1951','49','522-376-1383','741-784-7750','519-691-7322','ipsum.ac.mi@acfacilisisfacilisis.org'),(214,'Kimberly','Duran','Deanna','Ms.','P.O. Box 635, 1006 Felis Av.','Fremont','IL','85377',4,'08/05/2003',NULL,'11/24/1960','34','556-900-2918','949-476-9147','557-587-3072','interdum.Curabitur@nuncrisus.edu'),(215,'Chadwick','Ballard','Lucy','','P.O. Box 187, 7586 Neque Av.','Indio','OH','97273',11,'09/20/2006',NULL,'01/06/1976','90','732-540-3200','506-978-7857','959-211-3374','sem@infaucibusorci.edu'),(216,'Beau','Chandler','Aidan','Mrs.','P.O. Box 227, 3806 Sagittis Rd.','Evanston','ID','99487',12,'02/03/2001',NULL,'11/27/1952','106','229-865-3561','389-186-7122','426-745-3565','per@risus.edu'),(217,'Uta','Wood','Barrett','Mr.','848-2246 Semper Ave','Gatlinburg','WI','27217',13,'05/14/2008',NULL,'11/14/1989','21','859-102-3734','511-716-3705','904-319-1029','fringilla.est@iaculisquispede.org'),(218,'Vladimir','Thomas','Paloma','Dr.','P.O. Box 437, 6663 Tincidunt Avenue','Lancaster','GA','14431',13,'11/24/2006',NULL,'07/29/1955','88','268-517-2382','611-942-1939','243-191-7590','dictum.eleifend.nunc@tristiqueac.ca'),(219,'Emily','Albert','Jesse','','P.O. Box 837, 9844 Et St.','Columbus','FL','45459',16,'11/14/2008',NULL,'11/22/1955','147','598-439-7694','134-801-5643','406-278-7796','Donec@iaculisodio.edu'),(220,'Beck','Hubbard','Solomon','Dr.','Ap #237-6233 Diam Rd.','Riverside','WI','12657',2,'12/09/2001',NULL,'02/15/1956','35','551-817-7840','905-867-3694','701-582-8833','imperdiet.nec.leo@Proin.org'),(221,'Malcolm','Bauer','Magee','','3332 Sed, Av.','Huntsville','MO','24626',15,'12/26/2004',NULL,'09/26/1985','125','872-343-6149','454-169-9313','536-191-3951','metus@musProinvel.com'),(222,'Stephanie','Hudson','Herrod','','Ap #942-9172 At Avenue','Indianapolis','OH','27841',9,'07/03/2005',NULL,'05/02/1969','104','878-739-5291','555-916-4018','818-880-4589','Aliquam.rutrum.lorem@leoMorbi.edu'),(223,'Griffin','Frazier','Isadora','Dr.','6668 Et Street','East Lansing','LA','72454',3,'11/23/2004',NULL,'04/01/1969','72','744-484-6358','341-591-8757','574-820-5581','tellus.Nunc.lectus@nonantebibendum.edu'),(224,'Dawn','Booker','Audrey','Dr.','Ap #446-9999 Velit. St.','Somerville','DC','52225',12,'01/24/2006',NULL,'09/05/1957','133','176-234-8753','197-223-2617','703-967-8050','nonummy@ipsum.edu'),(225,'Chava','Mejia','Cody','Ms.','852-8257 Luctus, Ave','Watervliet','HI','34897',3,'04/02/2006',NULL,'03/26/1961','40','964-470-4024','380-527-6423','558-604-9130','velit@risus.org'),(226,'Germane','Gordon','Orli','Dr.','Ap #832-9070 Placerat, Street','Bellingham','NC','85820',12,'01/28/2006',NULL,'09/29/1955','37','222-759-2839','902-673-7234','489-196-9776','eu.metus.In@sitamet.org'),(227,'Hoyt','Hubbard','Dora','Mr.','496-1927 Odio. Avenue','Westminster','ID','98073',15,'10/04/2005',NULL,'09/14/1957','19','572-291-5251','689-412-7615','434-407-8082','Cras.eget@tempus.com'),(228,'Kimberly','Franco','Alvin','Mrs.','P.O. Box 404, 2782 Mauris Street','Garland','RI','05393',7,'05/11/2008',NULL,'05/28/1952','111','711-579-3327','821-139-2843','407-472-6874','id.risus.quis@purusgravidasagittis.ca'),(229,'Vincent','Gross','Ciara','Mr.','P.O. Box 995, 8713 Nunc Rd.','Dearborn','KS','15811',3,'08/19/2001',NULL,'07/22/1944','25','669-769-1611','502-368-4757','429-559-8171','tempor.arcu@egetdictumplacerat.ca'),(230,'Keely','Hensley','Mannix','Dr.','895-6304 Augue St.','Myrtle Beach','UT','26332',4,'04/16/2000',NULL,'02/24/1960','78','538-699-4352','632-102-6886','195-916-2095','turpis.Nulla@mollislectus.ca'),(231,'Freya','Cannon','Raven','Ms.','802-3389 Dis Street','Pittston','NC','54170',9,'08/14/2002',NULL,'05/06/1945','26','861-774-1281','737-918-1937','478-530-8481','In@euismodest.edu'),(232,'Basil','Mcfadden','Audra','Mr.','Ap #648-5431 Mauris. Street','Tupelo','ME','08952',1,'12/20/2006',NULL,'04/21/1955','63','310-454-1357','837-431-3412','741-566-7626','sagittis.placerat@acorci.com'),(233,'Zachary','Herman','Guinevere','Ms.','266 Erat Street','Morgan City','MD','30990',15,'03/24/2001',NULL,'09/22/1978','126','505-864-4351','396-719-8396','422-734-4958','Cras.pellentesque.Sed@Quisquetinciduntpede.com'),(234,'Heather','Jackson','Christian','Mrs.','129-3562 Eu Rd.','Rolla','SD','29450',8,'08/07/2000',NULL,'09/02/1949','74','423-574-7961','933-337-8000','319-564-5031','arcu@nec.com'),(235,'Brenden','Robinson','Tarik','Mr.','P.O. Box 309, 3228 Nisi Ave','Newport Beach','IL','00730',4,'12/20/2001',NULL,'05/15/1950','128','365-196-5138','493-194-6964','734-487-3379','ridiculus@Aliquam.ca'),(236,'Kelly','Stanton','Harlan','Mr.','639-818 Ipsum. Road','Leominster','TN','00510',5,'10/30/2005',NULL,'09/26/1972','80','869-149-2077','911-657-3522','133-851-5966','vitae@sem.edu'),(237,'Len','Eaton','Brian','Ms.','6812 Magna. Av.','Charlottesville','IL','71682',12,'07/11/2003',NULL,'02/11/1960','68','247-396-1120','857-348-2016','345-128-8272','sagittis.Nullam@ametmetus.ca'),(238,'Blake','Coleman','Aileen','','6748 Accumsan Road','Commerce','ND','88106',5,'01/11/2001',NULL,'03/24/1972','106','508-527-6062','536-748-5428','805-744-7435','elementum.dui@Morbiaccumsan.ca'),(239,'Benedict','Livingston','Norman','Dr.','352-5817 Amet Ave','Paducah','DC','88767',15,'05/08/2004',NULL,'02/05/1971','112','605-361-6175','468-168-3304','204-378-4801','Nam.tempor@Duisvolutpat.org'),(240,'Olivia','Richard','Ira','Mrs.','8533 Suspendisse St.','Redondo Beach','AZ','72551',8,'02/22/2000',NULL,'11/02/1942','57','883-323-9791','512-542-1713','172-664-2850','eu.nulla.at@at.org'),(241,'Fletcher','Todd','Hedda','Mr.','Ap #319-4196 Eu Rd.','Missoula','AK','03676',4,'03/25/2001',NULL,'12/16/1982','63','998-733-5620','983-862-3843','300-223-1432','vel.faucibus.id@consectetuermaurisid.ca'),(242,'Signe','Carrillo','Felicia','Mr.','216-3399 Penatibus Av.','West Valley City','ME','30844',9,'04/30/2007',NULL,'10/09/1959','46','244-131-3142','917-916-8652','150-653-7839','dis@ipsumSuspendisse.com'),(243,'Debra','Maynard','Bertha','Ms.','505-9997 Aliquet St.','Sitka','NH','90330',4,'10/09/2002',NULL,'05/02/1988','124','305-515-7289','665-876-4205','710-619-5328','nec.ante@non.com'),(244,'Macy','Mack','Maryam','Ms.','663-3087 Aliquam St.','Orangeburg','AK','66367',11,'05/09/2002',NULL,'11/30/1950','145','805-767-9436','987-798-2455','765-974-9138','Sed.pharetra.felis@feugiatnecdiam.com'),(245,'Regina','Vega','Salvador','','515-4090 Non Street','Menomonee Falls','CA','10786',1,'11/21/2006',NULL,'12/28/1957','73','830-128-6991','560-200-7769','634-203-6908','placerat.orci@nullaat.com'),(246,'Cally','Jensen','Yen','Ms.','Ap #538-5176 Nulla. Street','Valparaiso','WV','06626',7,'01/01/2003',NULL,'09/12/1956','18','877-201-2267','612-239-9537','425-905-4059','est@augueeu.edu'),(247,'Shea','Rogers','Lee','','586-6495 Viverra. Road','West Lafayette','AK','90306',1,'10/21/2004',NULL,'03/16/1964','44','569-701-3918','965-980-2394','686-633-5355','neque@eu.ca'),(248,'Nissim','Cummings','Wanda','Ms.','Ap #933-4616 Per St.','Scottsbluff','MN','42643',1,'09/07/2005',NULL,'01/02/1961','81','762-301-1184','754-513-4612','479-133-5996','ac@acrisusMorbi.com'),(249,'Whoopi','Warner','Fay','Mr.','4296 Gravida. Av.','Texarkana','IN','18483',13,'05/26/2006',NULL,'05/21/1950','88','658-363-8693','539-429-7308','584-681-4958','a.scelerisque.sed@hymenaeosMauris.edu'),(250,'Laith','William','Ima','Mrs.','Ap #831-6928 Enim. Rd.','Huntington Park','NJ','84692',2,'12/09/2005',NULL,'11/10/1963','135','771-704-4927','603-732-9550','782-370-5424','laoreet.libero@Vivamusnisi.ca'),(251,'Wynne','Morales','Thaddeus','Ms.','1431 Dapibus Ave','Dickinson','MT','95024',9,'05/04/2008',NULL,'04/09/1982','130','744-399-1484','187-654-8772','666-294-5286','eget.venenatis@egetvolutpatornare.com'),(252,'Octavius','Price','Pamela','Ms.','7988 Mollis. Avenue','Mayagüez','MO','72661',3,'12/01/2000',NULL,'03/23/1981','107','446-879-6796','745-298-8807','378-723-8199','dictum.magna@euismod.edu'),(253,'Wynne','Carey','Gareth','','884-280 Libero. Av.','Kent','NC','15687',5,'11/12/2002',NULL,'08/17/1961','85','911-766-8234','455-268-8509','562-305-9189','luctus.sit.amet@at.edu'),(254,'Haviva','Humphrey','Aristotle','Dr.','8830 Magna Rd.','Elko','GA','64165',11,'02/18/2000',NULL,'08/03/1945','58','230-894-6480','766-452-5520','295-820-1974','iaculis.aliquet@acfermentum.edu'),(255,'Amity','Chan','Josephine','Mr.','Ap #626-324 Sit Rd.','Auburn Hills','KY','56620',12,'04/03/2000',NULL,'09/29/1971','133','565-599-6426','362-585-5451','576-578-4383','gravida.nunc@malesuada.org'),(256,'Reese','Avery','Veronica','Ms.','P.O. Box 671, 9435 Vitae Road','Norwich','HI','58015',11,'06/23/2004',NULL,'08/28/1942','60','216-596-8304','233-551-7727','429-982-9532','ultrices.a@luctus.org'),(257,'Hilda','Flynn','Felix','Ms.','2496 Amet, Ave','Belleville','AK','70946',15,'08/08/2006',NULL,'11/09/1984','70','304-679-5579','678-836-6905','648-384-6873','volutpat.Nulla.dignissim@Aliquam.ca'),(258,'Fitzgerald','Garner','Clementine','Ms.','Ap #968-3409 Ante Av.','Culver City','WA','94275',5,'12/09/2002',NULL,'02/23/1969','29','850-775-2367','155-572-8508','134-979-4030','vitae@dolorsit.org'),(259,'Kay','Britt','Jocelyn','Dr.','P.O. Box 178, 343 Praesent St.','Muskogee','AZ','99093',7,'11/27/2006',NULL,'07/27/1983','108','126-649-9557','431-777-4332','876-701-7396','vestibulum.lorem.sit@luctusipsumleo.ca'),(260,'Erich','Cameron','Evangeline','Ms.','847-6882 Amet Rd.','Melrose','VA','90990',1,'03/08/2000',NULL,'09/27/1972','143','501-390-2071','477-606-7096','553-488-8804','varius.orci@ridiculusmus.edu'),(261,'Illana','Jordan','Teegan','','P.O. Box 573, 4975 Scelerisque St.','Plantation','LA','28329',6,'12/02/2008',NULL,'09/09/1963','42','422-485-8230','974-332-1213','622-265-3589','Nulla.aliquet.Proin@ac.ca'),(262,'Rafael','Olson','Vera','Ms.','676-624 Amet, St.','Portsmouth','DC','57676',2,'12/16/2003',NULL,'05/16/1948','20','586-261-7043','577-277-8822','657-812-2284','massa.Mauris@fringilla.ca'),(263,'Harrison','Strickland','Maxwell','Ms.','563-4785 Cubilia Road','Salem','DE','30987',11,'04/22/2007',NULL,'11/08/1959','102','581-173-3584','813-918-9449','177-774-8980','magnis.dis@Duisrisusodio.edu'),(264,'Uta','Kim','Velma','Mrs.','6799 Nibh St.','Nampa','CT','93646',12,'08/14/2007',NULL,'01/12/1951','59','795-752-1569','143-603-5106','874-969-7920','magna.sed@DuisgravidaPraesent.ca'),(265,'Luke','Simon','Shaeleigh','Dr.','P.O. Box 603, 6722 Non Ave','Inglewood','MD','55048',12,'02/22/2002',NULL,'04/17/1981','128','501-860-2486','431-804-3741','498-746-6201','felis.ullamcorper@aliquet.ca'),(266,'Bell','Delacruz','Nero','Mrs.','P.O. Box 944, 6171 Turpis Avenue','Frisco','MO','86741',15,'10/20/2002',NULL,'07/02/1971','130','603-482-5918','836-164-8784','497-392-2235','magnis@tellusjustosit.ca'),(267,'Sharon','Nunez','Nina','Dr.','P.O. Box 856, 8422 Consectetuer Avenue','Chesapeake','RI','27213',17,'07/20/2007',NULL,'05/06/1944','94','832-156-4005','214-920-1683','326-176-3922','eu.placerat@hendreritid.com'),(268,'Brennan','Cole','Chaim','Dr.','Ap #786-2495 Odio. Street','Oak Ridge','NJ','35262',9,'10/27/2004',NULL,'03/11/1984','127','937-703-7915','987-322-7570','237-824-3210','dictum.eleifend@Maurisblandit.edu'),(269,'Sheila','Ramirez','Kai','Dr.','5748 Duis Rd.','Stamford','MA','09183',13,'06/02/2004',NULL,'12/08/1947','37','523-779-9797','817-777-7853','890-529-4186','eget.laoreet.posuere@lacusQuisque.org'),(270,'Axel','Dale','Reuben','Ms.','989-2798 Nunc Rd.','Barre','TX','21031',4,'08/19/2004',NULL,'02/24/1987','48','353-484-6960','132-350-2492','892-104-6622','mattis.ornare@faucibuslectus.ca'),(271,'Armando','Crawford','Kimberley','Mrs.','P.O. Box 589, 3731 Suspendisse Avenue','Raleigh','NE','34766',13,'03/01/2004',NULL,'08/20/1985','17','494-930-3245','971-603-3929','902-146-6258','ante.dictum.mi@adipiscing.ca'),(272,'Molly','Mcneil','Quon','Mrs.','773-5644 Lorem, Ave','Morgantown','IN','85120',14,'03/31/2004',NULL,'03/14/1976','132','114-762-1137','994-621-7899','368-345-8328','dictum.ultricies.ligula@ametorciUt.com'),(273,'Calvin','Odom','Felicia','Mrs.','422-895 Pellentesque. Road','Scranton','CO','35721',15,'04/30/2007',NULL,'10/26/1978','73','899-408-1800','849-899-1487','183-539-5570','parturient@Quisque.edu'),(274,'Celeste','Guerrero','Martin','','Ap #507-4705 Velit St.','Dana Point','SD','91437',3,'12/23/2008',NULL,'11/13/1986','88','688-779-2797','752-947-4516','313-450-7198','adipiscing.elit.Curabitur@acturpisegestas.org'),(275,'Demetrius','West','Scarlet','Dr.','7236 Dignissim. Rd.','Lockport','NC','89599',12,'01/13/2007',NULL,'11/27/1950','63','901-859-2243','751-368-9591','350-855-7107','porttitor@vitaediam.com'),(276,'Keely','Phelps','Hop','Mrs.','Ap #259-860 Libero. Ave','West Covina','CO','79469',16,'10/24/2006',NULL,'02/25/1989','89','719-725-4849','502-182-7725','518-475-1034','iaculis.quis.pede@odiosempercursus.edu'),(277,'Imelda','Sharpe','Ingrid','Mr.','P.O. Box 962, 9145 Eleifend St.','Oneonta','CT','27097',9,'11/15/2007',NULL,'07/14/1960','100','369-934-2705','364-240-9472','315-411-5811','dictum.eleifend.nunc@commodo.edu'),(278,'August','Morton','Carter','','Ap #627-6678 Sapien. Rd.','Rolling Hills Estates','NE','65093',2,'01/10/2006',NULL,'05/06/1952','138','666-221-5721','218-817-1089','995-242-2536','lectus@elita.edu'),(279,'Nina','Haynes','Bert','Mr.','5807 Mauris Av.','Gadsden','LA','17553',3,'08/27/2001',NULL,'05/07/1978','94','878-156-2158','469-284-6395','790-442-1680','In@tempuseuligula.org'),(280,'Edan','Pruitt','Indira','Ms.','Ap #570-4225 Ornare. Av.','Meriden','IN','61878',8,'11/02/2006',NULL,'07/16/1944','56','951-962-5947','527-391-4808','206-961-8715','luctus@sedturpisnec.edu'),(281,'Lavinia','Reyes','Marah','Mr.','Ap #267-7902 Fusce Avenue','Ephraim','OK','91663',10,'04/05/2000',NULL,'10/28/1988','67','851-343-7734','588-575-8544','818-681-8096','mi@sodalesnisimagna.org'),(282,'Leila','Anthony','Kibo','Mr.','P.O. Box 310, 1674 Mauris. Street','San Marino','MA','11813',11,'04/30/2004',NULL,'03/23/1941','115','732-319-2957','150-658-5607','284-292-9035','id.mollis.nec@dolor.edu'),(283,'Rowan','Harding','Madeson','','Ap #517-6145 Eleifend Road','Sandy Springs','OH','17628',10,'09/22/2004',NULL,'05/31/1973','63','649-467-1600','977-912-9843','418-712-9739','elementum@nunc.com'),(284,'Courtney','Shields','Hilary','Mr.','P.O. Box 833, 5575 Id St.','Natchitoches','IN','99006',12,'12/15/2004',NULL,'03/27/1976','61','659-827-6563','942-346-1027','213-628-1920','ultrices.posuere@pedeblanditcongue.com'),(285,'Reuben','Neal','Mira','Mr.','Ap #429-3077 Donec St.','Lubbock','FL','40549',10,'05/20/2005',NULL,'03/16/1959','87','888-380-9988','571-831-6730','918-732-4220','tempus.eu@consequatdolorvitae.com'),(286,'Lana','Solis','Ryder','Ms.','781-6831 Magna. Rd.','West Haven','CT','38578',3,'08/08/2006',NULL,'02/04/1972','42','555-338-6383','366-248-2926','713-606-7690','viverra.Donec.tempus@semperegestasurna.ca'),(287,'Louis','Le','Fallon','Mrs.','9284 Sem Rd.','Cumberland','ME','38881',13,'03/26/2005',NULL,'03/25/1973','69','576-775-6049','987-356-1835','302-241-8792','augue.malesuada.malesuada@Integertincidunt.com'),(288,'Cherokee','Santana','Quentin','Ms.','Ap #231-5832 Facilisis, Ave','Champaign','CA','41289',3,'04/02/2001',NULL,'07/04/1951','97','397-971-8812','421-949-2134','630-650-6679','feugiat@ipsum.com'),(289,'Kennedy','Berger','Peter','Dr.','P.O. Box 914, 4884 Nec Av.','Paterson','AZ','15157',8,'01/28/2000',NULL,'02/01/1972','68','335-406-2340','144-478-9785','813-668-5734','hendrerit.Donec.porttitor@Duis.com'),(290,'Aidan','Smith','Reed','','P.O. Box 196, 8689 Lacus. St.','East Rutherford','AL','04719',17,'01/22/2007',NULL,'01/24/1989','121','387-494-3721','969-153-8501','113-169-9245','elit.pellentesque.a@sed.ca'),(291,'Charde','Guerrero','Hedy','Mrs.','P.O. Box 953, 7930 Aliquet, Ave','Brunswick','AZ','00314',2,'04/23/2001',NULL,'05/29/1958','58','362-525-2669','505-448-9495','567-931-6527','eu.accumsan@ut.com'),(292,'Elaine','Morton','Jeanette','Ms.','449-7893 Consequat St.','La Habra','KY','32942',5,'03/12/2004',NULL,'07/17/1985','94','649-623-7462','538-640-7103','926-451-6848','consectetuer.rhoncus.Nullam@Nullamutnisi.com'),(293,'Aileen','Daniels','Stephen','Dr.','218-2734 Risus. St.','Stockton','MT','86928',15,'10/19/2000',NULL,'05/10/1969','110','102-566-1470','223-126-2813','197-233-9956','Proin@sit.com'),(294,'Clare','Snyder','Shea','Ms.','854-2859 Pede. St.','Rehoboth Beach','WI','45932',15,'11/13/2005',NULL,'09/09/1974','95','989-713-1033','241-873-6207','764-129-8272','est@mauris.ca'),(295,'Leroy','Yates','Dorian','Mr.','Ap #894-9191 Felis, Av.','Simi Valley','OK','67113',3,'09/25/2003',NULL,'07/13/1990','86','597-112-2569','345-915-5655','619-318-3391','euismod.in@orci.org'),(296,'Hyatt','Stout','Kaden','','6660 Luctus Avenue','Rock Island','LA','12879',11,'07/08/2008',NULL,'03/22/1982','146','345-908-3863','269-856-8474','720-303-6897','nunc@lorem.org'),(297,'Ava','Rojas','Chava','Mr.','P.O. Box 115, 6777 Sed Avenue','Westfield','TN','18331',5,'11/20/2004',NULL,'06/24/1961','35','365-635-2695','496-506-6875','668-900-7822','Phasellus@placerat.ca'),(298,'Colleen','Vaughn','Gil','Ms.','217-5631 Risus. Rd.','Houma','DE','95014',9,'05/16/2004',NULL,'02/06/1952','89','431-820-7121','593-699-4135','154-974-5206','scelerisque.scelerisque@quamdignissimpharetra.org'),(299,'Ruby','Wilder','Ivory','Mr.','568-9606 In Road','Redding','NC','77573',10,'08/21/2003',NULL,'11/29/1956','144','176-561-2791','684-654-4866','210-622-9828','diam.Pellentesque.habitant@Maecenasornare.ca'),(300,'Claire','Branch','Ifeoma','Mr.','605-289 Integer Ave','Salisbury','CA','74652',3,'01/22/2004',NULL,'06/04/1987','57','139-424-7777','909-124-6800','529-276-2138','nunc.nulla@dignissim.ca'),(301,'Priscilla','Pollard','Lynn','Mrs.','P.O. Box 866, 5814 Commodo Avenue','Jackson','MA','45720',7,'08/08/2002',NULL,'12/18/1976','118','201-898-9596','534-809-2762','582-516-6093','libero@Curabitur.com'),(302,'Fulton','Dotson','Bradley','Mr.','P.O. Box 730, 6710 Elit Ave','Berlin','NV','98744',8,'11/01/2005',NULL,'10/15/1968','108','910-832-3329','921-906-7648','299-759-6432','at.pede@vulputatevelit.com'),(303,'Katelyn','Pena','Melodie','Dr.','P.O. Box 775, 2751 Leo. Rd.','Bandon','MN','01690',6,'07/09/2004',NULL,'03/08/1952','73','812-137-7785','250-129-3911','684-194-7075','Donec.luctus@nec.org'),(304,'Lani','Ramos','Wesley','','3779 Mauris Road','Torrington','VA','95115',5,'01/07/2004',NULL,'11/10/1947','115','237-802-5565','254-268-3032','756-695-5947','eros.nec@vestibulum.org'),(305,'Signe','Brock','Mira','Ms.','P.O. Box 752, 3221 Luctus Av.','Idaho Falls','NY','58453',10,'05/15/2008',NULL,'07/23/1973','98','426-438-1773','300-277-7011','651-918-4860','sed.sem.egestas@risusDonec.edu'),(306,'Isaiah','Keller','Timon','Dr.','P.O. Box 140, 8967 In St.','Chicago Heights','RI','38897',6,'08/24/2008',NULL,'01/30/1943','76','166-402-6037','983-747-6230','832-663-2503','mi@lobortis.ca'),(307,'India','Mann','Wesley','Mr.','9174 Penatibus Rd.','Kingston','AK','27581',8,'08/06/2008',NULL,'03/15/1963','108','971-182-5244','212-259-3998','736-927-9866','sodales@Proin.com'),(308,'Wynne','Mcgowan','Ethan','','Ap #174-5644 Nisi Avenue','Akron','AL','04831',7,'04/24/2003',NULL,'04/16/1949','33','478-471-7932','122-233-4162','792-243-5000','porta@eleifendvitaeerat.ca'),(309,'Shelley','Tate','Deacon','Dr.','476-3437 Cum Road','Shawnee','MO','53268',2,'09/15/2001',NULL,'08/18/1984','141','786-535-6316','759-247-3233','736-712-7783','purus.in.molestie@Nunc.com'),(310,'Sydnee','Mosley','Emery','Dr.','P.O. Box 593, 5288 Nulla St.','Hialeah','WI','47091',6,'09/12/2005',NULL,'07/06/1960','94','371-777-6524','927-672-4743','500-250-8464','sit.amet.faucibus@antedictum.ca'),(311,'Lavinia','Craig','Cynthia','','Ap #492-1825 Semper St.','Stevens Point','WY','95443',9,'10/11/2008',NULL,'03/31/1984','70','343-405-1794','620-238-3823','268-518-4472','egestas.Aliquam@euturpisNulla.com'),(312,'Kalia','Gallagher','Cruz','','Ap #812-583 Nullam Avenue','Lexington','HI','29614',2,'06/28/2004',NULL,'07/05/1955','94','500-652-1893','507-552-8161','796-833-8125','sapien.cursus.in@loremloremluctus.com'),(313,'Yvette','Morin','Paki','Dr.','P.O. Box 895, 3994 Urna, Road','Taylorsville','ND','96715',6,'12/30/2006',NULL,'02/10/1987','53','149-728-5722','810-974-7235','272-161-3781','est@cursuseteros.edu'),(314,'Sigourney','Bullock','Ishmael','Mr.','2279 Ante St.','Midwest City','AZ','97436',2,'03/16/2001',NULL,'05/13/1982','22','814-856-9596','257-104-8635','213-305-1407','eget.magna.Suspendisse@tinciduntaliquam.org'),(315,'Sandra','Watkins','Leilani','Mr.','987-1946 Ridiculus Rd.','New London','VA','95182',10,'11/10/2005',NULL,'02/28/1955','43','744-106-1699','762-309-8899','310-832-3505','nulla.Donec.non@odio.com'),(316,'Michael','Snider','Yoshi','','Ap #333-7340 Proin Street','Boulder','ID','13918',1,'02/06/2006',NULL,'12/17/1971','16','669-549-6237','634-648-4900','944-605-5178','consectetuer@egestas.edu'),(317,'Jocelyn','Stevens','Jaden','','P.O. Box 228, 2810 Vulputate St.','Newport News','MD','69472',6,'03/24/2002',NULL,'02/10/1984','138','328-969-9733','507-412-9391','687-525-2637','scelerisque@intempuseu.ca'),(318,'Buckminster','Franklin','Casey','','500-741 Et St.','Kankakee','NH','93762',5,'04/12/2004',NULL,'03/02/1980','74','705-929-6552','328-682-2697','664-177-6232','in.hendrerit@Nullamsuscipit.ca'),(319,'Desirae','Ryan','Walter','','2188 Eu Ave','Sandy Springs','ID','62272',10,'07/04/2008',NULL,'09/27/1989','89','193-779-3000','700-554-7667','420-313-6634','In.at.pede@Nunclectuspede.com'),(320,'Gwendolyn','Moss','Uta','','397-1559 Nec, Av.','Cedar Rapids','CT','30802',1,'07/28/2001',NULL,'08/23/1944','123','880-167-3339','874-953-3738','871-172-1917','cursus.vestibulum@loremauctor.com'),(321,'Britanni','Noel','Nissim','Dr.','P.O. Box 592, 2262 Sit Road','Marshall','UT','07637',8,'04/12/2008',NULL,'08/08/1941','73','376-581-3285','266-231-5068','925-982-3072','eu.augue.porttitor@mattis.edu'),(322,'Lance','Solis','Hedley','Mr.','P.O. Box 182, 1167 Purus. Ave','Cicero','NY','56354',1,'07/28/2007',NULL,'08/09/1968','137','309-725-1149','387-210-1316','392-492-7559','ut@turpis.ca'),(323,'Kyle','Morse','Ulric','Ms.','P.O. Box 903, 1637 Fusce Road','Beckley','WY','65912',6,'08/23/2006',NULL,'07/11/1948','105','276-721-9966','577-472-8713','626-805-6033','ligula.consectetuer.rhoncus@egestasAliquam.ca'),(324,'Tatum','Alexander','Natalie','Dr.','279-3484 Eu Avenue','Klamath Falls','CA','07763',13,'11/26/2004',NULL,'09/19/1952','128','702-413-4936','608-150-5183','974-357-9397','eu.erat@disparturient.com'),(325,'Ariel','Cochran','Carter','Mr.','P.O. Box 107, 4018 Tristique Rd.','Kansas City','GA','22439',4,'04/17/2002',NULL,'05/11/1943','24','225-804-9139','996-300-7022','782-862-2592','varius.et@necimperdietnec.ca'),(326,'Hilel','Francis','Ethan','','5322 Montes, Street','Santa Ana','UT','37920',3,'07/29/2002',NULL,'12/16/1948','101','542-680-2615','495-453-1402','851-131-8770','Mauris.blandit@felisDonectempor.org'),(327,'Noel','Harvey','Joelle','Dr.','730-9627 Ut Street','Richmond','NV','40777',12,'01/27/2004',NULL,'12/18/1969','145','366-880-8687','164-816-7870','495-904-9890','sed.sem.egestas@posuerecubilia.edu'),(328,'Honorato','Petersen','Kendall','Mrs.','Ap #268-1079 Ut Av.','Butte','VT','45485',4,'08/22/2005',NULL,'12/29/1940','99','870-262-1154','117-913-3340','862-177-7868','ultrices.Duis@gravidaPraesent.org'),(329,'Castor','Harrison','Phillip','','237-1403 Ornare. Street','Cicero','KY','22168',11,'11/01/2003',NULL,'03/24/1978','89','637-727-8548','258-528-1879','714-147-5048','Etiam.ligula@tristique.org'),(330,'Phelan','Vincent','Hadley','Mrs.','P.O. Box 704, 7326 Curabitur Road','Owensboro','TN','10133',6,'04/16/2008',NULL,'01/13/1943','23','425-787-5219','365-501-3129','965-304-6204','Morbi@parturientmontes.org'),(331,'Ray','Hess','Fatima','Ms.','1168 Amet Av.','Del Rio','FL','86867',16,'03/08/2006',NULL,'02/17/1949','126','406-898-3134','514-104-1306','849-686-8467','iaculis@Vestibulum.org'),(332,'Ainsley','Shepherd','Cassandra','','Ap #666-6068 Blandit Avenue','Lock Haven','NJ','74660',9,'09/17/2002',NULL,'06/30/1978','57','975-514-3337','382-189-5456','298-564-7872','libero.Integer.in@Etiam.org'),(333,'Denton','Dotson','Damian','Ms.','8815 Quam Avenue','Vermillion','NC','11288',13,'11/29/2000',NULL,'12/07/1976','94','108-598-4432','785-396-8905','427-255-7434','Sed.pharetra@varius.org'),(334,'Kaitlin','Whitehead','Noah','','4748 Fusce St.','Rohnert Park','TX','71132',5,'01/17/2000',NULL,'10/15/1982','88','413-366-6040','492-339-9193','978-525-4359','nec@diam.org'),(335,'Beau','Skinner','Jerry','Mrs.','132-1757 Ante. Rd.','Lexington','VT','70851',1,'07/09/2005',NULL,'12/07/1949','127','589-414-9871','276-696-9993','994-106-3199','Nunc.lectus@idsapien.com'),(336,'Marcia','Harris','Beverly','','P.O. Box 266, 6946 Lobortis St.','Kingston','HI','14285',2,'07/09/2001',NULL,'09/24/1985','67','414-883-4208','686-200-6017','483-322-9724','sem.vitae.aliquam@nonummy.com'),(337,'Larissa','Snow','Timon','Mrs.','187-6256 Dui Rd.','La Palma','IN','51866',2,'11/26/2008',NULL,'09/04/1975','80','723-303-1710','381-724-9168','333-359-5654','at@Curabitursedtortor.com'),(338,'Asher','Dawson','Raymond','','8285 Arcu Ave','Fort Wayne','IL','72267',8,'09/18/2004',NULL,'12/26/1974','84','370-565-3660','328-345-2055','189-468-2320','Aliquam@lacusQuisque.com'),(339,'Quamar','Nguyen','Freya','','Ap #317-9764 Ligula. Rd.','Fallon','AZ','37509',13,'12/16/2007',NULL,'04/03/1948','108','439-839-2117','851-800-4510','598-121-8380','id.ante@et.com'),(340,'Raven','Richmond','Leilani','Dr.','Ap #597-1279 Congue Rd.','Boulder Junction','SC','88916',9,'06/29/2007',NULL,'02/10/1960','40','375-261-5139','837-675-4071','303-188-8496','hymenaeos.Mauris@semperauctorMauris.com'),(341,'Ashton','Chang','Nigel','Mr.','P.O. Box 584, 6888 Ac, St.','Missoula','CA','89077',1,'06/13/2003',NULL,'06/13/1967','133','732-937-4194','477-321-5879','119-611-6741','justo.Praesent@euismod.ca'),(342,'Venus','Cline','Dennis','','681-4719 Duis Street','Frisco','FL','29518',11,'07/05/2001',NULL,'11/29/1958','135','145-751-3698','602-563-8007','878-570-5980','sed.pede@Integertinciduntaliquam.edu'),(343,'Ross','Bentley','Akeem','Mrs.','Ap #882-5058 Enim. Street','Tampa','MT','71090',11,'11/01/2004',NULL,'09/20/1974','33','531-341-8136','289-594-5228','738-660-1496','quis.diam.luctus@eu.ca'),(344,'Quyn','Noble','Brett','Mr.','P.O. Box 612, 6676 Tellus, Road','Pittsfield','MI','91762',15,'12/16/2008',NULL,'06/25/1980','100','679-803-5025','590-297-4758','494-551-7234','purus@litoratorquentper.ca'),(345,'Ramona','Smith','Mikayla','Mr.','314-3660 Aptent Avenue','Minot','SD','21813',11,'12/10/2002',NULL,'08/26/1950','131','331-911-9519','392-989-2416','624-273-5086','In.ornare@vulputatenisi.ca'),(346,'Davis','Charles','Pascale','Ms.','Ap #825-1603 Curabitur St.','Covington','AZ','85007',16,'07/16/2002',NULL,'11/16/1973','55','162-546-7455','988-167-2844','344-268-1201','molestie@convallis.edu'),(347,'Mallory','Lawrence','Abigail','Dr.','331-3815 Quis St.','Davenport','AK','10295',5,'08/07/2001',NULL,'01/09/1946','22','273-376-7927','884-795-3740','634-725-7001','sem@etlacinia.org'),(348,'Justine','Whitfield','Nathaniel','Ms.','8898 Dictum Rd.','Natchez','MA','62503',10,'02/20/2000',NULL,'02/20/1983','52','378-854-4632','462-483-6980','458-876-9375','vitae@euodio.com'),(349,'Merrill','Ortega','Quentin','','Ap #421-4027 Tristique St.','Cody','IN','74736',5,'12/30/2006',NULL,'10/21/1970','74','480-621-8139','965-825-4929','669-923-8722','mauris.ipsum.porta@mollisDuissit.ca'),(350,'Dale','Matthews','Hadley','Ms.','813-957 Purus. Av.','Ann Arbor','DE','47912',14,'03/06/2008',NULL,'04/12/1948','85','515-115-1446','917-149-6283','448-317-3303','et.pede.Nunc@fringillamilacinia.ca'),(351,'Mercedes','Barber','Sage','Ms.','P.O. Box 392, 2108 Duis Road','Gettysburg','CO','27575',10,'12/26/2008',NULL,'09/26/1950','131','673-542-8334','921-176-7435','887-583-7218','Cum.sociis.natoque@maurissapien.com'),(352,'Fulton','Haney','Dawn','Mrs.','Ap #903-6123 Convallis Street','Rhinelander','HI','31468',1,'03/20/2001',NULL,'02/05/1945','56','234-449-5489','800-989-3311','755-186-4833','Integer.id@turpis.ca'),(353,'Kiara','Price','Dennis','Ms.','5711 Nec, Rd.','St. George','MS','26230',7,'09/26/2005',NULL,'12/04/1953','116','814-290-1728','670-490-8447','100-723-8660','ut.pellentesque@tinciduntnuncac.org'),(354,'Evangeline','Boyer','Ryder','Ms.','4043 Natoque Ave','Delta Junction','NE','46288',16,'05/11/2006',NULL,'09/20/1954','34','590-526-7658','230-357-4845','661-912-8160','ac@nonlobortis.org'),(355,'Quinn','Pacheco','Joel','','6555 Vel St.','Radford','MO','71355',17,'12/22/2007',NULL,'10/16/1972','122','351-160-2819','214-697-7718','210-200-7819','malesuada.vel@vestibulumMaurismagna.edu'),(356,'Meredith','Booker','Adrienne','Dr.','593-9166 Ornare, Ave','Longview','LA','81363',12,'05/03/2002',NULL,'02/05/1968','35','943-498-9594','332-754-1415','322-278-3882','Aenean.eget.magna@enimcondimentumeget.org'),(357,'Maya','Stone','Laurel','Dr.','194-296 Cras Street','Milford','NC','05396',12,'05/09/2007',NULL,'06/20/1944','85','110-658-3639','447-842-6247','704-696-5677','quis@nequeetnunc.edu'),(358,'Logan','Day','Kelly','Mrs.','P.O. Box 895, 188 Turpis Ave','Independence','WY','69064',7,'03/29/2003',NULL,'03/25/1953','92','831-272-2565','366-568-8321','413-693-9781','aliquam@a.com'),(359,'Porter','Booth','Irma','Dr.','P.O. Box 539, 7952 Elit, St.','Grass Valley','ME','38707',14,'06/30/2002',NULL,'04/29/1958','105','644-856-4636','259-155-3724','483-252-4963','quis@Cras.edu'),(360,'Fletcher','Mccoy','Mallory','Mr.','P.O. Box 465, 1461 Lorem St.','Evansville','VT','27365',3,'11/28/2003',NULL,'12/05/1944','100','366-909-6742','851-848-9388','326-877-6089','et.nunc@eget.edu'),(361,'Kellie','Barker','Eaton','Dr.','353-508 Sit Avenue','Klamath Falls','OH','51388',13,'04/18/2001',NULL,'07/17/1980','79','480-957-6389','650-110-5700','496-315-2510','tincidunt.nibh@interdum.ca'),(362,'Hilel','Hardin','Simon','Mrs.','Ap #406-599 Arcu St.','Brownsville','NM','32383',12,'11/24/2003',NULL,'11/05/1987','115','227-156-1074','402-589-7876','633-888-4079','facilisis@vel.com'),(363,'Fitzgerald','Harrington','Barry','Dr.','320-1610 Vel St.','Columbus','NH','22855',4,'11/16/2008',NULL,'06/15/1967','70','189-932-4319','619-416-9236','679-450-5263','cursus.purus.Nullam@blandit.com'),(364,'Grady','Rosario','Latifah','Mr.','P.O. Box 247, 7144 Arcu. Rd.','Mandan','MD','90023',16,'07/08/2000',NULL,'08/23/1983','112','997-137-5969','739-485-9831','858-451-9631','eget.metus.In@Aliquam.ca'),(365,'Dora','Barnett','Courtney','Mr.','Ap #987-956 Erat. Rd.','San Marino','DE','56057',2,'03/06/2006',NULL,'12/03/1973','118','234-354-2304','495-546-5704','490-467-6472','mi@gravidanon.edu'),(366,'Lisandra','Sykes','Abraham','Mrs.','7873 Interdum St.','Lima','NV','39364',1,'03/20/2001',NULL,'02/04/1981','112','229-493-2767','564-555-1503','822-853-4625','odio@mollisduiin.ca'),(367,'Phelan','Erickson','Sylvester','Dr.','P.O. Box 337, 4732 Tempus Ave','Beloit','CA','60199',10,'03/22/2003',NULL,'12/30/1945','105','532-992-2118','107-188-3867','370-494-3706','hendrerit.consectetuer@duiquis.com'),(368,'Candice','Drake','Cullen','Ms.','Ap #235-5920 Malesuada Av.','Moraga','MA','53213',7,'12/13/2005',NULL,'08/19/1949','33','815-514-5872','692-401-1351','925-187-4321','ante@nisinibhlacinia.org'),(369,'Chaim','Chandler','Stuart','Ms.','3423 Lacus. St.','Boston','MO','09774',1,'08/04/2007',NULL,'10/11/1958','148','320-438-5828','201-835-8181','377-725-2919','egestas.ligula@nislNulla.org'),(370,'Ethan','Kelley','Grant','Dr.','2591 Tortor. Avenue','Tallahassee','AL','17778',11,'06/09/2006',NULL,'02/13/1971','88','703-173-3920','209-439-5791','800-121-6005','sed.tortor@blanditmattis.org'),(371,'Xaviera','Villarreal','Dean','','Ap #782-4221 Phasellus Road','Kona','NV','58566',5,'01/09/2002',NULL,'02/08/1982','81','675-671-2846','667-576-9802','898-137-1810','malesuada.fames@amet.ca'),(372,'Lunea','Maddox','Hyatt','Ms.','P.O. Box 800, 8214 Congue Road','Powell','NE','09567',2,'11/23/2008',NULL,'07/12/1984','64','485-636-6296','273-518-2327','916-143-2540','ornare.facilisis@iaculislacuspede.edu'),(373,'Susan','Sherman','Alexa','','643-5231 Mi St.','Lawrenceville','ME','95304',16,'08/30/2000',NULL,'06/16/1972','109','316-240-6116','337-118-1952','736-908-7713','nec@lectus.com'),(374,'Todd','Lambert','James','Mrs.','674-472 Eget Avenue','North Platte','ID','68354',13,'03/16/2004',NULL,'03/18/1968','90','247-388-8941','930-426-6396','650-192-2952','sociis.natoque.penatibus@facilisi.org'),(375,'Eve','Sykes','Todd','Mrs.','564-7878 Semper Av.','Odessa','DE','33402',14,'07/29/2003',NULL,'06/07/1983','91','630-779-5315','814-346-4663','315-881-4142','et.rutrum.eu@tortor.edu'),(376,'Hadley','Todd','Quinn','Dr.','9586 Lorem St.','Union City','GA','86510',16,'02/17/2003',NULL,'06/07/1947','94','697-322-7505','945-566-7173','603-178-6593','aliquet@nonjusto.ca'),(377,'Shoshana','Pollard','Lillian','Ms.','717-4950 Sit Street','Lowell','NJ','89165',11,'05/18/2004',NULL,'03/19/1983','127','917-535-7303','634-614-2720','244-117-3545','dapibus.rutrum@tellusPhasellus.org'),(378,'Price','Deleon','Maite','Mrs.','865-360 Malesuada Ave','Starkville','NE','19898',16,'01/16/2002',NULL,'08/16/1981','99','295-139-5857','811-265-4920','967-765-3934','eros.non@sapiengravida.edu'),(379,'Skyler','Morgan','Sandra','Mrs.','9092 Tempor Ave','Jefferson City','IL','12954',16,'06/22/2008',NULL,'11/09/1945','56','196-112-8762','433-732-6504','915-493-9420','ac.mi@consectetuer.com'),(380,'Ria','Huffman','Duncan','Dr.','P.O. Box 264, 6439 Commodo Av.','Tucson','AZ','33746',13,'02/24/2000',NULL,'11/13/1980','144','772-727-8243','326-703-2035','110-393-5164','a@leo.org'),(381,'Joshua','Hester','Quincy','','1407 Tempor Avenue','Rosemead','DC','03946',5,'01/20/2007',NULL,'04/23/1988','40','381-329-4407','480-610-9868','542-907-7065','vel@nonnisiAenean.ca'),(382,'Madaline','Good','Ezekiel','','3676 Ut Rd.','San Juan','VA','64205',11,'05/27/2005',NULL,'06/08/1974','19','186-610-1446','675-273-7000','952-938-9366','adipiscing.Mauris.molestie@vitae.com'),(383,'Cara','Bowman','Kaden','Mr.','P.O. Box 760, 8539 Lacus Ave','Philadelphia','ND','55420',12,'10/24/2000',NULL,'08/06/1950','60','920-586-1344','654-431-9291','614-949-2372','diam.luctus@ipsumcursus.org'),(384,'Mercedes','Peck','Wyoming','Dr.','P.O. Box 416, 453 Id, Street','Goose Creek','CA','71536',17,'03/05/2008',NULL,'01/12/1946','96','168-286-9559','263-552-1080','185-328-5232','orci.quis.lectus@tacitisociosquad.ca'),(385,'Eve','Schroeder','Hermione','Dr.','Ap #870-1757 Dui, Av.','Vincennes','GA','20301',15,'01/25/2003',NULL,'04/01/1976','69','254-375-9162','271-633-1539','623-689-1132','venenatis.a.magna@ac.com'),(386,'Violet','Reyes','Dale','Ms.','P.O. Box 520, 8375 Metus Avenue','Plantation','KS','52982',4,'09/08/2000',NULL,'09/21/1980','134','616-704-6599','637-424-3406','895-701-1966','eu.accumsan@gravida.ca'),(387,'Eaton','Sawyer','Colette','Ms.','Ap #363-864 Purus. St.','Pottsville','PA','09061',17,'02/25/2001',NULL,'07/13/1987','74','966-860-5752','155-959-6310','685-902-3204','Curabitur.dictum@accumsan.edu'),(388,'Lillith','Deleon','Austin','Mr.','Ap #824-8195 Lacinia Ave','Enfield','CA','88497',9,'04/05/2006',NULL,'02/20/1984','90','554-805-2219','846-571-7649','676-408-8291','augue.porttitor.interdum@hymenaeosMaurisut.org'),(389,'Farrah','Clemons','TaShya','Dr.','1161 Enim Street','Yukon','MS','70778',9,'12/03/2003',NULL,'01/28/1984','37','231-624-8074','661-556-4423','941-754-5244','nisl.sem.consequat@Seddiam.edu'),(390,'Berk','Gray','Gloria','Dr.','Ap #449-4276 Ligula Avenue','Spartanburg','IN','74654',7,'03/26/2005',NULL,'08/28/1960','51','933-733-1100','291-441-3399','309-343-9139','euismod@odiosagittis.edu'),(391,'Astra','Kent','Cullen','','Ap #206-838 Gravida St.','Cape Coral','MO','70854',9,'05/05/2008',NULL,'06/01/1941','27','406-197-3315','465-381-9210','783-364-6681','sit.amet.metus@rhoncusProin.ca'),(392,'Rashad','Guy','Tatum','Mr.','2588 Donec Ave','Sherrill','MS','68466',8,'10/27/2005',NULL,'11/10/1943','74','543-890-9546','414-917-6740','594-422-1227','libero@Proinvelarcu.ca'),(393,'Richard','Ortega','Ann','','Ap #425-287 Proin Street','Forrest City','IA','76045',8,'03/12/2000',NULL,'03/14/1949','16','500-990-6996','594-234-5284','174-777-5868','volutpat@seddictum.ca'),(394,'Hamilton','Rich','Lavinia','','P.O. Box 336, 3686 Justo St.','Santa Cruz','NM','96272',5,'07/19/2008',NULL,'02/23/1951','32','592-641-1974','701-333-9405','737-822-5162','nulla.In.tincidunt@purus.org'),(395,'Leah','Hodges','Giacomo','Mr.','5812 Parturient Rd.','Normal','CO','94303',1,'10/03/2006',NULL,'02/02/1953','49','501-302-6688','139-937-9781','471-452-9823','gravida@Proinnisl.edu'),(396,'Deacon','Hammond','Briar','Mrs.','P.O. Box 151, 3987 Ut Ave','Phenix City','WV','08392',13,'10/28/2006',NULL,'02/14/1989','145','777-545-4410','309-637-2010','203-951-1180','scelerisque.scelerisque.dui@magna.edu'),(397,'Pamela','Austin','Chester','Mrs.','P.O. Box 354, 6225 Sed Av.','Cedarburg','KY','29137',9,'10/30/2005',NULL,'11/16/1958','51','893-411-7367','356-352-8563','995-965-9469','mauris@et.ca'),(398,'Irma','Koch','Aiko','Mr.','P.O. Box 370, 4076 Posuere Rd.','Ann Arbor','NH','90020',4,'01/22/2001',NULL,'02/24/1967','87','486-159-7495','128-657-1749','720-860-3920','tortor.Nunc.commodo@incursuset.ca'),(399,'Alika','Mcgowan','Shea','Ms.','5822 Eu St.','Narragansett','TN','84003',1,'04/14/2006',NULL,'09/29/1976','19','351-209-8975','237-618-9209','612-264-9906','egestas.Fusce@Donec.ca'),(400,'Thor','Velazquez','Palmer','Dr.','Ap #176-927 Dictum Road','Nacogdoches','VA','75250',5,'06/16/2008',NULL,'11/27/1972','99','750-452-8977','416-387-8561','128-664-4298','ullamcorper.nisl@vestibulumnec.com'),(401,'Francesca','Olsen','Hayden','Dr.','180-5649 Et, Ave','Omaha','VT','96229',10,'07/28/2008',NULL,'08/24/1967','55','443-845-6691','562-403-9150','772-466-1300','ac.tellus.Suspendisse@dignissimMaecenasornare.com'),(402,'Nasim','Holman','Brenna','Ms.','Ap #851-6668 Ipsum. Avenue','San Antonio','WA','82379',11,'03/12/2000',NULL,'01/19/1966','16','949-153-6208','683-952-1254','550-796-3532','quis.turpis.vitae@mauris.org'),(403,'Cailin','Whitehead','Adara','Mrs.','Ap #513-6219 Penatibus Rd.','East Hartford','IA','25407',15,'01/11/2007',NULL,'02/01/1979','120','894-212-5267','116-166-1226','575-577-4433','Duis.elementum@actellusSuspendisse.org'),(404,'Berk','Bonner','Dora','','9615 Felis Road','Aurora','ND','97999',8,'04/21/2004',NULL,'07/03/1946','74','358-572-3239','688-220-1059','900-373-6166','libero.est.congue@auctor.ca'),(405,'Patricia','Logan','Elton','Dr.','9602 Adipiscing, Road','Steubenville','KS','35204',17,'06/08/2006',NULL,'09/25/1953','148','916-711-4874','454-258-1305','394-896-2446','accumsan.laoreet@risusa.ca'),(406,'Linus','Charles','MacKenzie','Mrs.','P.O. Box 912, 6827 Imperdiet Av.','Lawndale','SD','15150',8,'01/22/2005',NULL,'02/22/1972','88','762-441-2801','354-767-1840','837-848-1008','Nam.porttitor@tinciduntvehicula.com'),(407,'Whitney','Valdez','Camden','Ms.','Ap #335-7278 Aliquam Avenue','Ponce','DC','90515',13,'05/11/2002',NULL,'09/25/1982','100','285-924-6205','184-669-9069','818-565-3411','non.enim.Mauris@lobortis.org'),(408,'Myra','Fleming','Sage','Mr.','P.O. Box 348, 6797 Adipiscing. Ave','San Marino','NE','78768',5,'02/07/2007',NULL,'10/27/1976','124','254-417-6353','547-996-6556','395-870-3143','sit.amet@Donecegestas.edu'),(409,'Levi','Gray','Mufutau','Dr.','P.O. Box 228, 2455 Neque Rd.','Enfield','MA','93561',5,'08/06/2008',NULL,'09/29/1985','61','674-848-9276','911-856-7698','194-708-1110','ligula.Nullam.enim@Sed.org'),(410,'Lars','Key','Merrill','Mrs.','429-3594 Donec Av.','Liberal','MO','95888',7,'04/17/2002',NULL,'02/23/1974','89','765-875-5300','240-777-1687','532-276-4992','velit.Aliquam.nisl@ornaretortorat.edu'),(411,'Alyssa','Frost','Phoebe','Dr.','P.O. Box 260, 6442 Sit Ave','New Kensington','NE','05890',13,'12/31/2001',NULL,'09/06/1967','132','444-837-3886','343-647-6264','879-914-7164','sit.amet.ante@cursuspurus.ca'),(412,'Eugenia','Riley','Amelia','Ms.','5717 Curabitur Street','Zanesville','WY','62673',4,'01/12/2007',NULL,'02/14/1984','97','666-907-6973','392-641-6306','708-275-5129','ultrices@in.edu'),(413,'Ivy','Mclean','Audra','','P.O. Box 300, 8325 Lobortis. Avenue','Gettysburg','WI','91954',11,'06/29/2008',NULL,'11/17/1958','55','438-793-5290','724-142-7459','517-280-3642','eget.varius.ultrices@Vivamussitamet.edu'),(414,'Dakota','Finch','Ginger','Dr.','156-2179 Imperdiet, Street','Harrisburg','IN','24025',1,'04/24/2001',NULL,'06/07/1962','123','492-320-2495','844-226-1867','591-121-7140','pretium@tristique.com'),(415,'Adara','Sutton','Laurel','Ms.','8700 Et Road','North Platte','CT','42814',6,'01/26/2004',NULL,'03/31/1972','47','745-837-4744','635-947-4145','897-217-2706','ornare.tortor.at@tellus.ca'),(416,'Skyler','Mckee','Octavius','Dr.','7714 Et Av.','Sonoma','FL','87662',15,'05/15/2000',NULL,'12/31/1965','93','947-328-7897','421-395-5458','957-343-4042','tristique.pharetra@estNuncullamcorper.edu'),(417,'Sacha','Ware','Kelsey','Mr.','P.O. Box 997, 5961 Dictum. Ave','Starkville','SD','09487',2,'11/13/2001',NULL,'12/02/1956','84','494-843-3443','458-150-8030','133-736-3802','dictum@ac.com'),(418,'Zeus','Colon','Emma','Ms.','P.O. Box 145, 7176 Interdum. Avenue','Cape May','AZ','86786',3,'04/25/2006',NULL,'06/29/1975','110','181-476-5506','465-351-5035','424-339-7258','felis.Nulla@convallis.edu'),(419,'Emma','Weber','Harding','','Ap #293-4920 Risus. Rd.','Reno','IL','35811',10,'04/21/2000',NULL,'01/27/1959','21','237-246-9265','244-468-6998','314-696-6843','Ut.semper.pretium@tincidunttempusrisus.ca'),(420,'Wing','Pratt','Aimee','Dr.','Ap #200-6000 Donec St.','Hamilton','KS','52997',15,'09/16/2006',NULL,'06/01/1970','26','442-560-5965','332-121-8140','567-306-9379','nulla.Cras.eu@In.edu'),(421,'Summer','Boyer','Aphrodite','Mr.','Ap #419-5598 Parturient Rd.','Galveston','MN','72735',14,'07/06/2006',NULL,'05/03/1990','54','594-940-7684','727-446-3521','761-793-4807','Suspendisse@Nuncmauris.edu'),(422,'Kalia','Brady','Destiny','','582-8764 Quisque Road','Williamsburg','VT','35918',14,'07/12/2004',NULL,'03/12/1966','88','466-304-4460','448-815-3055','214-542-6522','Duis.dignissim@disparturientmontes.edu'),(423,'Cleo','Vincent','Flavia','Mrs.','304-3160 Eu Avenue','Oklahoma City','PA','66901',16,'01/03/2005',NULL,'02/24/1945','37','378-128-4302','486-683-4782','522-999-7659','pellentesque@ultriciesdignissimlacus.com'),(424,'Keith','Young','Jermaine','Mr.','Ap #248-3032 Diam Road','Topeka','ME','17184',2,'02/27/2000',NULL,'12/14/1962','126','999-372-2512','313-609-5679','636-595-4755','vestibulum.massa@Duiscursusdiam.org'),(425,'Nadine','Whitfield','Yardley','Dr.','857-6426 Risus. Street','Wisconsin Rapids','AL','35453',11,'03/07/2008',NULL,'07/23/1943','64','340-760-3740','714-267-7298','318-284-7965','faucibus.orci.luctus@tristique.ca'),(426,'Cassidy','Weaver','Jasper','Mrs.','P.O. Box 790, 1560 Phasellus Avenue','Knoxville','NM','67302',13,'10/07/2007',NULL,'04/20/1983','91','520-404-5990','107-177-3286','182-806-2582','vitae.erat@natoquepenatibuset.edu'),(427,'Blythe','Newman','Sheila','','P.O. Box 469, 6628 Nibh Ave','Eau Claire','FL','75133',8,'07/26/2005',NULL,'02/11/1972','70','931-459-9040','784-969-4394','358-540-2710','nonummy.Fusce@Maecenasliberoest.org'),(428,'Tatiana','Kerr','Nash','Mrs.','377-6314 Tortor, Av.','Norwich','OK','80666',14,'08/15/2001',NULL,'12/19/1948','25','639-174-9949','557-263-6342','160-373-9739','dolor@hendreritid.com'),(429,'Jameson','Randolph','Angelica','','Ap #265-1602 Orci Street','Binghamton','MO','20611',5,'04/28/2008',NULL,'11/20/1984','121','457-629-9060','707-885-5053','687-931-2717','tincidunt.pede.ac@famesacturpis.com'),(430,'Giacomo','Holder','Oren','Mr.','Ap #854-8200 Dictum Rd.','Covina','AK','57078',12,'11/23/2001',NULL,'02/12/1959','127','453-951-5897','317-240-9924','886-489-6009','Maecenas.mi.felis@egetvarius.ca'),(431,'Jescie','Nunez','Dai','Ms.','7263 Nisl Ave','Eugene','LA','55080',14,'10/14/2008',NULL,'11/21/1943','137','800-460-4163','408-475-6672','424-965-8651','faucibus.id.libero@nequevenenatis.org'),(432,'Justin','Erickson','Inez','','Ap #307-5191 Cursus St.','Hutchinson','AZ','47793',15,'10/31/2004',NULL,'03/01/1942','131','318-657-3405','942-691-2982','482-218-5325','metus.Aenean@lectuspedeultrices.com'),(433,'Fletcher','White','Tashya','Mr.','5698 Euismod Road','Opelousas','NC','08472',4,'05/13/2002',NULL,'01/31/1974','85','673-901-9960','700-595-1860','613-335-4372','ac@egetodio.edu'),(434,'Alden','Stanley','Hayley','Mrs.','Ap #382-5718 Malesuada Rd.','Winston-Salem','IA','99807',5,'08/04/2006',NULL,'04/04/1972','117','828-460-4318','259-780-8288','797-167-9396','nulla@massa.edu'),(435,'Margaret','Hester','Bruce','Dr.','P.O. Box 546, 4669 Nibh Av.','Poughkeepsie','SD','11300',3,'01/14/2006',NULL,'10/12/1985','26','625-632-5127','777-734-3051','212-916-1428','tincidunt.neque.vitae@accumsannequeet.ca'),(436,'Brady','Cunningham','Teagan','Mr.','454-4402 Nunc Rd.','Minnetonka','VT','79980',6,'02/07/2005',NULL,'06/29/1966','135','581-420-9742','209-545-4242','288-517-9273','et@arcuetpede.ca'),(437,'Rogan','West','Prescott','Ms.','P.O. Box 752, 2618 Elit Ave','Lancaster','CT','05375',6,'04/08/2006',NULL,'07/11/1953','86','155-213-9135','762-754-8483','455-899-3166','lacus.vestibulum@tortordictum.edu'),(438,'Harrison','Schneider','Autumn','Mr.','7675 Mauris. Rd.','Corona','VT','36146',13,'06/18/2008',NULL,'12/03/1988','118','235-467-9504','264-237-1256','264-861-1077','sit@egestas.ca'),(439,'Porter','Ellison','Luke','Ms.','9739 Et St.','Clarksburg','LA','56400',1,'03/03/2001',NULL,'11/09/1950','34','699-186-5393','405-983-2622','597-841-5106','Etiam.bibendum@primisinfaucibus.ca'),(440,'Blaze','Fuentes','Scott','Mrs.','273 Integer Ave','Nashua','GA','32337',1,'01/17/2007',NULL,'04/24/1956','117','791-207-9787','123-983-5171','264-327-1642','a.neque.Nullam@gravidaAliquamtincidunt.org'),(441,'Jackson','Rosario','Quinn','Mr.','461-1765 Morbi St.','Canton','ME','50392',12,'10/03/2007',NULL,'07/06/1979','56','512-672-6058','533-607-2983','825-103-7052','est@porta.ca'),(442,'Sigourney','Rasmussen','Ezra','Ms.','P.O. Box 364, 3371 Faucibus St.','Hoover','OH','06267',10,'01/24/2004',NULL,'06/21/1973','106','610-818-3303','149-907-4669','407-161-6350','lorem@malesuadafamesac.ca'),(443,'Amanda','Terry','Norman','Mr.','6453 Phasellus St.','Evanston','WI','36187',14,'11/18/2004',NULL,'11/10/1972','37','907-300-3170','206-324-9324','638-125-4571','eu.nibh@nequeNullamut.org'),(444,'Zelenia','Baxter','MacKensie','Ms.','Ap #282-3616 Eget St.','San Juan','DC','19655',14,'10/06/2006',NULL,'09/19/1975','69','375-222-6940','400-389-4771','856-650-9030','ante@commodoauctor.edu'),(445,'Evan','Reynolds','Melanie','','8988 In Av.','West Haven','NH','32343',5,'10/20/2002',NULL,'06/24/1980','31','726-380-9757','221-213-8104','659-794-4185','lacus.Quisque.imperdiet@erosnectellus.edu'),(446,'John','Stein','Rae','Mrs.','Ap #742-2621 Amet Road','Gilbert','NJ','12555',16,'02/15/2002',NULL,'08/09/1968','148','394-240-5434','854-943-4059','961-796-8451','id.mollis.nec@fermentum.ca'),(447,'Abigail','Buckley','Aline','Mr.','678-6966 Mauris Road','Torrance','LA','91513',2,'03/27/2006',NULL,'02/21/1960','107','518-977-3142','102-769-8353','184-200-6128','sollicitudin.a.malesuada@odioEtiam.edu'),(448,'Phelan','Mcclure','Blair','Mr.','862-2993 Ridiculus Avenue','Phoenix','MS','89880',6,'07/08/2007',NULL,'02/14/1957','143','169-871-2473','129-670-1395','131-165-2345','sodales.nisi@Sedid.com'),(449,'Dorian','Baker','Martha','','P.O. Box 993, 8443 Nec, Avenue','Hartford','TN','31610',9,'11/22/2008',NULL,'07/27/1943','148','245-748-9664','806-131-8476','543-979-4319','tempor@ametorciUt.com'),(450,'Kevin','Potter','Reese','Dr.','Ap #721-981 Dignissim. St.','Oil City','ND','50081',13,'12/21/2004',NULL,'06/18/1949','19','270-122-6326','139-343-1006','998-877-6152','dictum@Proin.edu'),(451,'Vincent','Sanchez','Herrod','Mr.','P.O. Box 722, 8308 Duis Rd.','Rye','ME','08459',10,'01/03/2004',NULL,'03/26/1968','74','510-750-1141','352-328-6950','862-741-1879','eros@atvelit.org'),(452,'Jin','Oconnor','Maryam','','P.O. Box 415, 8839 Dolor Street','Green River','AZ','46544',17,'07/31/2001',NULL,'05/23/1987','25','937-849-8128','640-508-8154','869-622-7364','non.dapibus@seddolor.ca'),(453,'Zahir','Sims','Hiram','Ms.','688 Erat. St.','Gulfport','AL','34948',10,'10/07/2007',NULL,'12/20/1954','19','497-475-5540','373-731-2696','521-325-6887','morbi.tristique@odio.com'),(454,'Lance','Welch','Wylie','Dr.','3185 Integer Road','Hackensack','WY','31854',5,'09/13/2000',NULL,'04/14/1990','89','593-848-6547','407-759-7710','364-766-8484','purus.gravida.sagittis@posuere.org'),(455,'Christen','Atkins','Wynne','Dr.','855-2894 Ullamcorper. Av.','Sacramento','OK','77508',7,'09/05/2007',NULL,'05/05/1985','105','389-488-8433','530-280-7876','614-877-1436','lacus@Morbi.ca'),(456,'Geoffrey','England','Georgia','Ms.','8963 Adipiscing, Street','Boulder City','ID','04911',12,'01/30/2004',NULL,'01/30/1968','111','638-392-4842','526-334-8357','538-808-5860','nibh@Vestibulum.ca'),(457,'Quail','Bush','Beck','Dr.','296-5402 Gravida Rd.','Las Vegas','AK','21936',16,'08/13/2006',NULL,'07/12/1951','79','794-742-7328','572-898-7396','832-253-7347','urna.convallis.erat@at.edu'),(458,'Drew','Webb','Wendy','Mrs.','Ap #611-717 Turpis Road','Scranton','SC','80811',15,'04/28/2006',NULL,'06/27/1977','73','894-724-6930','586-751-6514','104-513-8608','Etiam.laoreet.libero@nonantebibendum.com'),(459,'Axel','Mullins','Kennan','Ms.','P.O. Box 312, 9439 Magna Rd.','Nacogdoches','SD','56746',11,'05/07/2004',NULL,'07/28/1953','87','316-199-4469','134-734-4550','606-273-9956','a.purus.Duis@duiCumsociis.edu'),(460,'Sopoline','Duke','Matthew','Mr.','Ap #281-2211 Natoque Ave','Rensselaer','MI','21787',9,'01/23/2007',NULL,'07/16/1989','49','666-343-6079','171-395-1457','129-959-4159','arcu.Vivamus@arcuVestibulumante.org'),(461,'Phelan','Stanton','Rhoda','','5561 Metus Rd.','Galveston','NJ','31664',15,'09/05/2004',NULL,'11/16/1941','77','272-495-2805','853-539-4325','443-698-2128','eget@etmagnisdis.edu'),(462,'Amal','Francis','Darryl','Mr.','2579 Penatibus Street','Ephraim','MO','87530',14,'12/09/2001',NULL,'01/21/1965','21','563-458-3092','229-885-8415','687-404-6755','risus.In.mi@luctusetultrices.com'),(463,'Katelyn','Clark','Zenaida','','2134 Fringilla Road','Artesia','DE','45423',3,'01/28/2007',NULL,'06/23/1941','125','383-527-8115','297-182-2896','869-383-1268','diam.eu.dolor@diamProin.edu'),(464,'Rebecca','Nash','Darius','Mrs.','Ap #560-4486 Arcu. Rd.','Turlock','MA','57292',11,'11/01/2001',NULL,'09/20/1989','42','794-194-5976','868-448-5708','520-322-5247','Duis.a@sociis.edu'),(465,'Lois','Boone','Amity','Ms.','6540 Ante Ave','Grafton','MN','35431',3,'02/08/2004',NULL,'01/01/1989','86','642-797-8002','618-308-4058','636-897-5267','varius@massa.ca'),(466,'Xantha','Galloway','Fletcher','Mrs.','985-883 Natoque St.','Bandon','VT','38174',11,'07/05/2000',NULL,'11/08/1969','19','773-891-3345','106-197-2726','673-119-9464','eget.ipsum@Nuncullamcorper.edu'),(467,'Oren','Acevedo','Burton','Dr.','5852 Id Av.','Ann Arbor','CO','14858',13,'09/17/2006',NULL,'11/22/1955','115','255-194-9034','476-315-2919','260-989-9831','Phasellus.vitae@tellusnon.ca'),(468,'Blaze','Camacho','Jordan','Mrs.','2746 Duis Av.','Beloit','OR','71282',12,'12/06/2007',NULL,'01/19/1973','108','160-537-5539','611-754-4830','344-280-5499','nec.luctus.felis@ipsumcursus.edu'),(469,'Lucas','Valenzuela','Lydia','Ms.','700-1873 Risus. Rd.','Cumberland','MT','24995',3,'10/31/2006',NULL,'04/17/1963','130','938-633-5609','194-776-4544','753-807-3147','neque.non.quam@nequepellentesque.com'),(470,'Whitney','Duke','Hanna','Ms.','4792 Semper Ave','Greensburg','ID','46979',8,'02/19/2002',NULL,'11/25/1963','109','448-909-4878','210-392-9992','413-984-4005','Fusce.dolor.quam@tellusidnunc.ca'),(471,'Nicholas','Fowler','Libby','Ms.','805-2284 Pellentesque St.','Chesapeake','NY','88035',1,'10/11/2000',NULL,'03/01/1989','30','202-936-4362','433-503-4048','207-645-6167','in.molestie@ligulaAeneangravida.org'),(472,'Michelle','Booth','Idola','Ms.','4695 Et Av.','Thiensville','IL','48897',11,'11/12/2002',NULL,'07/05/1961','148','366-487-5310','449-933-5981','325-265-3524','id@tincidunt.org'),(473,'Jin','Boyd','Stone','Mr.','603-9951 Donec Road','Fond du Lac','MD','67206',2,'01/21/2006',NULL,'07/25/1974','18','877-990-9966','915-415-8976','379-765-8307','congue.elit@mattis.ca'),(474,'Aidan','Serrano','Isabelle','Mr.','8227 Mus. Street','Newport News','KY','67084',14,'04/18/2000',NULL,'12/16/1978','33','604-861-4993','474-341-7770','950-546-3614','fringilla.est@hendrerit.ca'),(475,'Zachary','Mcbride','Garrison','Mr.','Ap #630-7781 Quisque St.','Valdez','MO','89147',5,'02/14/2004',NULL,'02/20/1967','59','283-285-4752','321-647-5333','655-685-3733','pulvinar@feugiatSed.com'),(476,'Nell','Gilbert','Curran','Dr.','6053 Nibh Ave','Sierra Vista','MT','46295',4,'11/08/2006',NULL,'02/13/1984','35','649-245-2416','154-155-6896','798-211-2618','lobortis@viverraMaecenas.edu'),(477,'Ivory','Savage','Venus','Mr.','Ap #783-6975 Adipiscing St.','Janesville','NY','14851',2,'03/14/2003',NULL,'10/18/1960','90','156-684-1002','653-732-4997','943-154-4494','litora.torquent.per@Nullamvitaediam.edu'),(478,'Blaze','Burnett','Hannah','Mr.','Ap #694-7709 Dui Rd.','Duluth','MA','07922',14,'08/06/2005',NULL,'02/24/1960','122','115-872-1194','937-601-8101','251-758-8143','Phasellus.nulla@ipsumleo.edu'),(479,'Anastasia','Tucker','Ginger','Ms.','P.O. Box 486, 6366 Mi. St.','Princeton','CA','58656',10,'06/27/2006',NULL,'06/08/1955','120','653-532-6589','735-580-3354','486-937-7269','Sed.diam.lorem@sitamet.edu'),(480,'Tobias','House','Hasad','Ms.','3612 Velit. Rd.','Mandan','AL','78563',8,'07/31/2005',NULL,'09/01/1949','60','594-977-7448','714-613-8498','335-900-2386','scelerisque.mollis.Phasellus@luctusetultrices.ca'),(481,'Desiree','Flores','Colton','Ms.','Ap #361-4092 Purus. St.','Brookfield','CT','15884',7,'05/16/2005',NULL,'04/14/1963','91','516-704-4563','242-311-9948','391-819-3927','mollis.dui.in@Nullamvitaediam.ca'),(482,'Reed','Keith','Quin','','240-6710 Consectetuer Rd.','Biloxi','MI','58873',11,'09/16/2007',NULL,'05/26/1975','93','400-189-4184','700-144-1296','949-553-7367','lacus.Ut.nec@Ut.ca'),(483,'Allistair','Goodwin','Martha','Dr.','653-562 Pede, Road','Torrance','RI','27176',1,'07/21/2007',NULL,'12/26/1960','84','526-413-1182','851-981-3587','206-743-2112','quam.Curabitur.vel@dictum.org'),(484,'Damon','Gutierrez','Joel','','2006 Arcu. Rd.','Watervliet','MA','35737',9,'05/02/2000',NULL,'10/02/1954','83','694-328-8945','179-363-5967','342-115-5441','mollis.non@cursusnon.edu'),(485,'Clayton','Cooper','Stacy','Ms.','Ap #828-5365 Semper Avenue','Barrow','SC','25951',12,'11/30/2008',NULL,'09/05/1976','132','297-313-9310','380-164-1753','886-732-7283','felis.Nulla.tempor@etrutrum.com'),(486,'Tasha','Medina','Hayley','Mrs.','962-4732 Pellentesque Rd.','Tamuning','RI','57972',16,'06/12/2006',NULL,'01/29/1948','60','446-755-3190','379-200-8075','808-529-8527','Donec.consectetuer@risus.ca'),(487,'Kylee','Robles','Brennan','Dr.','Ap #513-2834 Ligula. Ave','Vergennes','MA','17774',12,'02/20/2001',NULL,'01/03/1956','87','432-275-2184','778-762-4213','475-778-4012','non.massa.non@nibhQuisquenonummy.edu'),(488,'Aquila','Guthrie','Armando','Mr.','Ap #781-4796 Sed Ave','Coral Springs','HI','64982',12,'04/18/2008',NULL,'06/26/1962','92','381-364-8691','913-788-8761','273-162-2593','et.lacinia.vitae@eleifend.ca'),(489,'Wynne','Le','Ciaran','Mrs.','Ap #638-1652 Augue Rd.','Hannibal','LA','53628',11,'06/23/2002',NULL,'09/17/1948','18','151-681-1763','276-949-8815','969-418-4053','Morbi@egestasSed.org'),(490,'Neil','Duke','Larissa','Dr.','754-5051 Penatibus St.','Bandon','KS','62926',12,'08/04/2001',NULL,'05/30/1961','78','453-187-1103','780-725-9026','367-284-4259','ac.arcu@viverraDonec.org'),(491,'Barry','Juarez','Cathleen','Mr.','P.O. Box 279, 5737 Ridiculus Rd.','Kokomo','WA','27990',16,'02/23/2001',NULL,'03/06/1985','40','657-304-8488','509-707-4508','636-681-6828','enim.Etiam.imperdiet@posuerecubilia.ca'),(492,'Caleb','Taylor','Ima','Mrs.','680-8761 Donec Road','Myrtle Beach','TX','75502',9,'04/03/2000',NULL,'05/06/1949','145','792-694-2530','249-665-1254','426-479-3715','a@sollicitudin.edu'),(493,'Riley','Christian','Tad','Mr.','P.O. Box 613, 2699 Faucibus Avenue','Pass Christian','GA','05380',16,'11/14/2008',NULL,'10/27/1960','131','634-477-5813','300-837-5145','244-784-4204','sollicitudin.orci@enimEtiamimperdiet.ca'),(494,'Xavier','Levine','Seth','Dr.','2283 Donec St.','West Jordan','CT','80310',16,'05/19/2008',NULL,'02/15/1982','75','166-440-8976','309-249-5001','983-237-7565','vehicula.risus.Nulla@ipsumSuspendisse.com'),(495,'Plato','Mayer','Wyatt','Ms.','P.O. Box 138, 9708 Ornare, St.','Costa Mesa','WV','09399',13,'12/19/2003',NULL,'01/03/1973','16','484-664-1016','138-840-6282','600-201-8463','ultricies@ullamcorpereu.org'),(496,'Rhoda','Paul','Astra','Ms.','Ap #229-7288 Ipsum Rd.','Rancho Palos Verdes','FL','18028',9,'03/11/2008',NULL,'05/02/1986','34','393-464-6100','165-416-2282','942-171-1472','in.tempus.eu@Quisque.ca'),(497,'Lois','Stanton','Lee','Dr.','P.O. Box 723, 2263 Cursus Ave','Pasadena','TN','06315',8,'03/14/2000',NULL,'07/08/1949','70','601-409-6560','212-324-6409','544-809-3109','velit.justo@quisdiam.edu'),(498,'Nissim','Christian','Aimee','Ms.','Ap #537-9480 Eget Street','San Jose','FL','01807',5,'04/10/2004',NULL,'02/20/1990','43','245-890-2741','792-254-5799','798-932-3408','euismod@disparturient.org'),(499,'Castor','Walls','Rachel','Mr.','7744 Vitae Road','Oak Ridge','NJ','34784',15,'06/25/2006',NULL,'05/17/1946','118','165-251-6745','667-920-9682','852-286-4701','Phasellus.elit@orci.ca'),(500,'Nola','Gardner','Leilani','Mrs.','5760 Volutpat. Rd.','San Bernardino','IA','90854',5,'06/14/2001',NULL,'12/12/1987','57','991-781-7435','959-593-5324','574-616-5160','semper.pretium@risus.edu'),(501,'Rooney','Browning','Travis','Mr.','2987 Libero Ave','Brooklyn Park','MN','25184',5,'01/06/2000',NULL,'03/28/1967','100','656-702-3341','158-860-4543','197-201-6225','Donec@odiotristiquepharetra.edu'),(502,'Leo','Lawson','Catherine','Mrs.','3722 Dapibus St.','Elko','ND','76749',5,'01/22/2006',NULL,'11/18/1941','104','633-763-7740','467-326-5234','836-346-1846','congue.elit.sed@ultriciesdignissimlacus.ca'),(503,'Martina','Dean','Bianca','Dr.','P.O. Box 388, 378 Bibendum Avenue','Erie','IL','95172',15,'07/31/2004',NULL,'08/22/1983','46','532-279-8292','600-901-3273','373-292-6517','ipsum@lacusvariuset.ca'),(504,'Rinah','Dillon','Mercedes','Ms.','P.O. Box 913, 3778 Libero Road','Durango','HI','47043',3,'03/04/2007',NULL,'10/05/1942','40','564-657-6415','853-878-7107','172-689-8759','quam.elementum@elitelit.edu'),(505,'Evelyn','Palmer','Barbara','','7066 Leo. Rd.','Villa Park','TN','08753',9,'05/15/2001',NULL,'02/04/1977','104','981-694-8772','117-199-8857','902-451-3219','Phasellus.nulla.Integer@nonummyacfeugiat.org'),(506,'Stacy','Grimes','Florence','Mr.','3722 Sodales Avenue','Henderson','MA','39660',9,'09/12/2003',NULL,'06/28/1961','63','319-287-5610','426-689-7970','117-466-7531','non.quam@conubianostraper.org'),(507,'Oren','Brady','Kirby','Dr.','Ap #254-3956 Cras Rd.','Minnetonka','AK','58088',13,'12/14/2007',NULL,'08/01/1942','85','155-704-1239','847-798-3869','616-280-7474','pellentesque.eget.dictum@massaMaurisvestibulum.edu'),(508,'Olga','Owen','Nevada','','801-7700 Eget St.','Tallahassee','WV','09357',8,'02/19/2004',NULL,'08/31/1960','67','702-999-2380','319-694-9815','918-865-4192','gravida.sagittis@inmagnaPhasellus.com'),(509,'Quynn','Simpson','Kaden','Ms.','Ap #177-6365 Mus. Rd.','Wahoo','UT','85284',12,'10/21/2008',NULL,'01/12/1988','65','752-330-4095','181-500-8587','478-831-6627','non@netusetmalesuada.edu'),(510,'Maya','English','McKenzie','','9893 Aenean Road','Shreveport','NE','49827',8,'05/29/2004',NULL,'05/05/1942','88','332-989-8597','446-293-8704','934-805-8902','at.libero@nec.edu'),(511,'Echo','Poole','Aaron','Ms.','770-538 Eu Road','Providence','NM','11060',16,'09/25/2007',NULL,'07/09/1984','139','856-483-3349','920-255-4555','405-206-7212','eget.volutpat.ornare@vehiculaaliquet.edu'),(512,'May','Harrington','Graham','Mrs.','Ap #394-283 Nibh Rd.','Albany','AK','60282',6,'07/05/2005',NULL,'01/07/1980','82','920-564-1905','188-301-8709','975-879-5378','tempus@famesac.org'),(513,'Stacy','Joyner','Otto','Mr.','5121 Interdum Rd.','Bloomington','NJ','69136',5,'04/07/2007',NULL,'03/15/1946','100','203-829-3495','769-892-3038','249-504-4436','molestie.tortor@fermentumvelmauris.org'),(514,'Candice','Guerra','Rhonda','Mr.','Ap #305-1672 Interdum St.','Winooski','DC','75134',7,'03/05/2008',NULL,'03/13/1980','109','998-727-2637','374-383-2084','301-709-7976','faucibus@lorem.edu'),(515,'Dorothy','Holcomb','Sebastian','','Ap #821-969 Dolor Avenue','Bangor','AK','19194',5,'07/01/2008',NULL,'03/15/1982','56','335-738-7899','844-327-4993','356-367-4373','nascetur.ridiculus.mus@ultricesmaurisipsum.com'),(516,'Flynn','Ford','Harrison','Mr.','P.O. Box 612, 7938 Eu Av.','Peabody','LA','41750',16,'08/16/2002',NULL,'07/14/1967','88','680-975-5857','518-833-8756','154-633-3581','at.augue@velsapienimperdiet.ca'),(517,'Shaine','Brennan','Bianca','','6654 Semper. Ave','Montgomery','WI','66230',7,'08/04/2007',NULL,'12/30/1973','38','891-520-3609','906-957-1028','685-406-8181','Integer.in@mauris.ca'),(518,'Damon','Woods','Byron','Mr.','Ap #803-7711 Adipiscing Rd.','Hattiesburg','NJ','56322',10,'10/20/2006',NULL,'04/14/1949','96','186-199-5301','985-907-4635','776-775-5670','vel@erosProinultrices.com'),(519,'Salvador','Albert','Darius','Mrs.','852-2676 Elit, Rd.','West Bend','NM','24271',11,'02/15/2005',NULL,'07/05/1946','146','999-193-5761','581-595-8643','485-884-6216','ut.sem@lacusEtiam.edu'),(520,'Fredericka','Lawrence','Karyn','Mr.','419-7695 Fringilla St.','North Charleston','FL','80905',4,'05/05/2004',NULL,'07/26/1942','121','730-187-5725','469-523-1816','363-771-1775','mattis.Integer@Crasconvallisconvallis.ca'),(521,'Evangeline','Odom','Brock','','P.O. Box 336, 5581 Pede Road','Hammond','NM','83564',9,'01/02/2007',NULL,'08/27/1962','102','317-206-6006','635-346-9293','448-575-6109','nisi.nibh.lacinia@idmagna.org'),(522,'Cassady','Mccoy','Jonah','','2176 Sodales Street','Palos Verdes Estates','WA','20539',16,'01/08/2000',NULL,'02/13/1983','136','257-698-6252','501-978-5461','648-236-7529','nec.tellus@gravidaPraesent.edu'),(523,'Blaine','Mcclure','Raya','Mrs.','Ap #414-1233 Cubilia Rd.','Yakima','IL','17848',8,'07/29/2005',NULL,'05/14/1949','124','883-582-1048','257-306-6087','562-872-4857','dignissim.lacus.Aliquam@ultricesaauctor.org'),(524,'Bertha','Jacobson','Sydnee','Ms.','476 Ornare, St.','Pascagoula','NY','66128',16,'03/05/2003',NULL,'07/23/1966','41','680-832-4796','839-346-5239','663-827-7239','ultricies.ornare@vitaealiquam.org'),(525,'Zephr','Skinner','Thaddeus','Dr.','P.O. Box 979, 2411 Duis Road','Duluth','VT','56713',15,'02/02/2004',NULL,'08/29/1987','77','453-421-1437','178-860-8126','594-942-3127','metus@dapibusid.org'),(526,'Erica','Nguyen','Caryn','Ms.','665-8736 Fusce Rd.','Pasadena','NJ','53800',10,'03/16/2000',NULL,'11/28/1952','42','419-366-1167','255-323-6059','979-108-5757','laoreet.lectus@nibhenim.edu'),(527,'Fleur','Austin','Quincy','Dr.','6775 Ut, St.','Kettering','LA','09494',14,'06/18/2002',NULL,'07/15/1966','126','329-819-5532','948-584-7018','768-634-3608','neque.non@nasceturridiculus.edu'),(528,'Rylee','Fry','Neve','','Ap #274-6254 Mauris Road','Pueblo','AK','45545',16,'09/29/2002',NULL,'05/14/1943','72','701-297-6143','922-773-1996','872-388-2861','scelerisque.dui.Suspendisse@ullamcorper.org'),(529,'Mari','Allen','Rahim','','309-6242 Et St.','Woodward','MA','45891',7,'03/31/2003',NULL,'09/08/1986','66','693-739-2345','699-257-8267','275-765-8773','penatibus.et@nisidictumaugue.edu'),(530,'Amery','Vance','Maxwell','Mrs.','Ap #296-1244 Sed Avenue','Toledo','MN','89535',9,'10/20/2002',NULL,'11/25/1967','54','753-109-5112','374-207-3763','846-291-9454','facilisis.Suspendisse@arcuiaculisenim.edu'),(531,'Jemima','Slater','Donovan','Mr.','956-2757 Nunc Road','Wisconsin Rapids','DC','61740',6,'02/20/2006',NULL,'09/15/1954','133','737-538-4102','283-367-7070','737-543-4036','tellus.lorem@inceptos.org'),(532,'Sandra','Marquez','Timon','Mrs.','P.O. Box 893, 4700 Malesuada St.','Hayward','TN','01262',17,'06/08/2000',NULL,'09/09/1967','31','113-316-5307','937-227-9683','880-400-4870','lacinia.vitae@lobortisquispede.edu'),(533,'Candice','Curtis','Sylvester','Mr.','P.O. Box 439, 899 Phasellus Avenue','Carbondale','IL','02803',2,'12/08/2003',NULL,'05/16/1990','112','679-471-4541','207-814-9048','432-151-2228','non.cursus@ProinmiAliquam.com'),(534,'Scott','Vang','Maile','Ms.','197-2866 Tortor Street','Hidden Hills','MS','79081',16,'12/29/2004',NULL,'10/23/1965','141','118-546-1733','994-294-4360','614-414-4369','non.sollicitudin@euelit.edu'),(535,'Joelle','Cleveland','Laurel','','234-364 Mollis. Ave','Monterey Park','IL','76445',9,'04/18/2002',NULL,'02/20/1980','58','258-798-2493','258-908-3346','969-612-3959','sed.dictum.eleifend@tristique.com'),(536,'Tate','Luna','Lars','Ms.','P.O. Box 157, 940 Elit, Road','Gilette','GA','44820',7,'11/22/2000',NULL,'04/15/1948','110','586-103-9824','767-686-3348','255-537-9243','libero.lacus@Cras.com'),(537,'Dylan','Ramsey','Quyn','','870-8701 Quisque Rd.','Fort Dodge','VA','10564',8,'12/15/2007',NULL,'11/30/1965','126','388-462-7261','108-753-5189','603-571-2962','lacinia.mattis@fermentumfermentum.org'),(538,'Kirsten','Moon','Ahmed','Ms.','Ap #739-6444 Mus. St.','South Pasadena','NV','44765',6,'05/16/2006',NULL,'06/25/1950','45','836-335-4614','273-299-5405','819-616-3911','Etiam@rutrum.org'),(539,'Lars','Rush','Dillon','Mrs.','5120 Felis St.','Council Bluffs','NV','47352',14,'02/06/2001',NULL,'11/05/1987','62','307-751-2582','512-492-6480','109-926-2550','sodales.at.velit@consequatdolorvitae.com'),(540,'Jarrod','Cherry','Victoria','Mr.','Ap #860-134 Phasellus St.','Oneida','TN','37775',2,'11/19/2007',NULL,'09/15/1965','62','526-909-6715','151-843-5637','819-267-1733','vulputate.risus.a@penatibusetmagnis.edu'),(541,'Hashim','Rowland','Leilani','Dr.','P.O. Box 634, 4491 Pharetra. Street','San Marino','MI','29366',1,'07/30/2005',NULL,'11/04/1978','74','730-558-7193','295-937-2409','464-540-1411','In@indolorFusce.ca'),(542,'Jermaine','Newman','Christopher','Dr.','Ap #233-5774 Nunc Street','Schenectady','OR','14044',7,'09/12/2000',NULL,'12/10/1958','27','427-104-7587','353-347-2847','352-779-5875','Cras@Nunclectus.org'),(543,'Ezekiel','Fitzpatrick','Jeremy','Dr.','864-7719 In Rd.','Winston-Salem','WY','73498',9,'04/20/2001',NULL,'08/30/1982','65','232-334-9704','607-397-2248','884-163-2618','eros@loremac.com'),(544,'Zenaida','Nash','Raya','','Ap #389-4058 Erat, Avenue','Brigham City','DC','15898',6,'08/04/2006',NULL,'02/10/1984','128','575-614-5737','886-974-6655','220-108-4004','ligula.tortor.dictum@sollicitudin.org'),(545,'Melodie','Fleming','Ursa','Dr.','P.O. Box 826, 9163 Vulputate, Avenue','San Gabriel','CT','34949',15,'01/21/2008',NULL,'01/28/1982','66','528-819-7744','799-482-6264','441-327-7525','Phasellus.at.augue@magna.ca'),(546,'Hope','Kirkland','Libby','','Ap #686-2185 Nunc Street','Redlands','MN','54489',8,'11/19/2002',NULL,'02/06/1956','63','707-573-1692','766-655-5962','296-698-2001','Morbi.sit.amet@mollisduiin.com'),(547,'Warren','Grant','Ina','','P.O. Box 468, 7854 Pede Rd.','Stanton','AK','51115',10,'08/04/2007',NULL,'06/01/1953','150','180-914-9262','777-956-3020','821-807-2830','amet.consectetuer@Suspendisseeleifend.com'),(548,'Beck','Cote','Quincy','Mr.','921 Sed, Street','Saint Albans','AL','85540',12,'10/06/2003',NULL,'12/14/1980','97','717-601-7255','113-204-5597','563-507-8746','cubilia@mauris.org'),(549,'Carla','Livingston','Bruce','Ms.','175-3292 Et Avenue','North Platte','WA','98984',9,'12/28/2006',NULL,'03/21/1946','53','832-825-9675','361-428-9575','259-374-8741','ipsum.Phasellus@arcuacorci.com'),(550,'Armando','Swanson','Calista','Mrs.','7404 Quam Rd.','Lufkin','KS','97236',3,'10/27/2002',NULL,'05/01/1977','62','666-973-9764','435-183-3828','721-896-3018','imperdiet.dictum@consectetueradipiscingelit.edu'),(551,'Aristotle','Oconnor','Rylee','Dr.','6607 Nec, St.','Corinth','NE','08788',9,'11/03/2000',NULL,'06/18/1969','33','297-414-3105','329-681-8690','630-989-3445','augue@augue.org'),(552,'Stewart','Hoffman','Jermaine','Mrs.','Ap #664-8835 Dolor Avenue','Orem','NE','00719',10,'09/29/2007',NULL,'08/06/1983','19','801-702-8664','255-812-3153','596-589-9500','dapibus.quam.quis@purus.com'),(553,'Jakeem','Mayer','Walker','Mrs.','P.O. Box 536, 4913 Purus Rd.','Oshkosh','CO','69170',17,'04/30/2000',NULL,'08/29/1969','135','435-461-4054','495-195-1379','806-112-1878','nunc.sed.libero@ametconsectetueradipiscing.org'),(554,'Benjamin','Ruiz','Skyler','Dr.','P.O. Box 890, 8116 Ornare Street','Greensburg','LA','46315',10,'09/03/2008',NULL,'05/19/1958','134','549-495-6101','758-896-7729','566-636-2589','rutrum.justo@egetnisidictum.edu'),(555,'Myles','Gillespie','Nicholas','Mrs.','P.O. Box 909, 6058 Magnis Road','Kearns','RI','17863',3,'01/01/2006',NULL,'11/23/1959','116','878-411-3771','952-996-9175','188-659-1941','ante.ipsum.primis@ridiculusmus.com'),(556,'Hayes','Blevins','Gregory','Mrs.','P.O. Box 174, 164 Vestibulum. Rd.','Johnson City','WY','70697',9,'05/25/2000',NULL,'06/21/1963','85','810-446-1181','524-346-7215','319-671-6747','sit@sapien.com'),(557,'Tamekah','Mason','Mercedes','','P.O. Box 667, 7368 Ac St.','Irvine','OK','63743',7,'12/28/2005',NULL,'09/02/1947','63','530-136-4114','361-318-8839','562-255-1109','varius@maurissitamet.org'),(558,'Brynn','Dillard','Wilma','Mrs.','Ap #571-7595 A Rd.','Sunbury','DE','82155',15,'12/18/2007',NULL,'11/09/1977','17','327-145-3773','678-408-6043','269-144-3575','id.risus.quis@arcuet.edu'),(559,'Darryl','Dixon','Noble','Ms.','Ap #774-9503 Nisl Street','Hanahan','IL','41524',12,'04/21/2004',NULL,'10/20/1948','131','208-375-5608','858-852-6810','443-699-2525','Proin@pharetrautpharetra.ca'),(560,'Dean','Alexander','Vanna','Dr.','125-6055 Vitae Street','Yazoo City','RI','02544',3,'01/12/2008',NULL,'10/08/1958','120','764-692-9142','949-350-9339','299-385-7355','et.tristique.pellentesque@ipsumCurabitur.com'),(561,'Kaitlin','Sosa','Beau','Mr.','P.O. Box 869, 9734 Dolor Rd.','Indio','VT','61773',7,'04/09/2008',NULL,'05/21/1989','40','489-324-5907','294-344-8357','297-611-9837','mauris.Suspendisse.aliquet@infaucibusorci.com'),(562,'Lester','Miller','Leila','','P.O. Box 528, 3750 Nullam Ave','Duquesne','KS','29080',14,'09/29/2003',NULL,'07/23/1981','94','418-515-5796','416-850-1165','719-170-3507','cursus.Nunc@Maurisutquam.org'),(563,'Orli','Young','Vernon','Ms.','522-9049 Eget St.','Idaho Falls','WV','26345',7,'02/23/2004',NULL,'03/25/1947','64','623-688-2428','566-458-3510','996-715-9913','auctor.Mauris@dolorsitamet.com'),(564,'Olga','Erickson','Amanda','Dr.','P.O. Box 105, 6991 Et, Rd.','Los Angeles','MS','48564',16,'07/27/2004',NULL,'09/27/1966','41','158-576-6318','804-295-6328','288-641-8259','per@imperdietdictum.com'),(565,'Kamal','Mcgee','Seth','Dr.','124-3636 Diam Av.','Pittsfield','AK','56195',12,'01/01/2000',NULL,'03/27/1983','100','285-648-6359','646-169-7385','944-906-1696','Ut@tinciduntvehicularisus.ca'),(566,'Hanna','Middleton','Flavia','Mr.','2257 Interdum St.','Union City','IA','02327',17,'03/19/2004',NULL,'01/12/1986','62','503-885-6458','642-146-6134','861-427-1414','sed.dolor.Fusce@velit.org'),(567,'Mason','Chen','Kieran','Ms.','P.O. Box 610, 4825 Vel Road','Bakersfield','ME','69272',10,'10/03/2008',NULL,'05/09/1953','140','893-194-6862','777-760-4478','957-933-8285','Etiam@condimentum.edu'),(568,'Gage','Bird','Kiara','Mr.','306-6629 Et Street','Gilette','SC','18387',10,'07/19/2005',NULL,'01/24/1972','94','623-245-1461','490-388-9992','644-432-4781','semper.Nam.tempor@enimnisl.org'),(569,'Raven','Perez','Natalie','Mr.','Ap #833-6028 Dolor. Street','Watertown','AZ','83602',1,'05/03/2000',NULL,'06/19/1950','138','324-571-7748','859-431-2427','469-353-5375','interdum.ligula.eu@adipiscingelit.org'),(570,'Zorita','Wood','Harper','','P.O. Box 565, 6495 Tempor, Street','New York','KS','35828',9,'02/03/2001',NULL,'04/07/1957','48','596-410-4229','402-773-9783','794-917-7156','sociis@sit.edu'),(571,'Mariam','Burch','Samuel','Mr.','364-6072 Imperdiet, Street','Gold Beach','SD','14559',7,'09/18/2005',NULL,'05/17/1965','115','732-438-3597','300-282-3980','378-341-2586','nulla.Integer.vulputate@Etiamvestibulummassa.com'),(572,'Brittany','Carrillo','Justin','Mrs.','1788 Tristique Rd.','Signal Hill','DC','52644',4,'03/30/2007',NULL,'03/14/1988','150','586-169-1369','992-893-9890','120-304-8242','cursus.Nunc.mauris@vellectus.edu'),(573,'David','Mullins','Berk','Mr.','966-8813 Mattis. Rd.','Arcadia','SC','95347',17,'08/11/2007',NULL,'08/02/1978','139','122-176-7937','901-748-9702','647-676-6430','eu@semutcursus.com'),(574,'Eagan','Schmidt','India','','833-2993 Taciti Av.','Santa Ana','RI','52657',17,'06/09/2008',NULL,'03/19/1980','148','814-180-4408','305-584-6538','414-237-3864','Aliquam.auctor@pedeblanditcongue.edu'),(575,'Robin','Summers','Kasper','','4508 Ut, Rd.','Effingham','CO','90776',17,'02/23/2008',NULL,'06/16/1950','75','852-289-5014','398-412-4069','640-814-6842','commodo@Seddictum.edu'),(576,'Inez','Allen','Willa','Mr.','P.O. Box 579, 7354 Nunc. Rd.','Meridian','KS','44334',2,'06/14/2002',NULL,'03/08/1946','29','961-591-1834','633-442-5477','127-392-7981','at@Sedeget.org'),(577,'Zelenia','Garrett','Wallace','Ms.','P.O. Box 166, 2966 Gravida. Ave','Cypress','NJ','92536',17,'08/18/2000',NULL,'05/29/1981','114','924-856-9066','662-276-7894','752-282-8870','quam@maurissitamet.edu'),(578,'Hannah','Herman','Robin','Dr.','2484 Aliquam Rd.','Hot Springs','WV','19798',16,'11/30/2003',NULL,'05/23/1966','85','405-565-4312','281-837-5124','716-469-5147','sed@acfermentum.org'),(579,'Kadeem','Roman','Signe','Mr.','P.O. Box 403, 1015 Non, St.','Sault Ste. Marie','DE','16925',11,'08/12/2008',NULL,'03/28/1943','45','438-153-8072','603-900-3658','117-678-1283','montes.nascetur@musAeneaneget.edu'),(580,'Cody','Mcmahon','Orlando','Mrs.','Ap #201-8752 Enim Av.','Stamford','MI','62879',14,'02/25/2002',NULL,'12/18/1963','16','863-397-2259','176-370-5062','866-489-3547','velit.Sed@commodo.ca'),(581,'Yetta','Mcfadden','Zelenia','Ms.','P.O. Box 251, 1846 Est Street','Vail','IN','70433',6,'06/27/2005',NULL,'11/23/1981','22','926-627-7700','627-281-6358','821-617-5024','dolor@Lorem.org'),(582,'Emery','Peterson','Irene','Mrs.','201-4720 At, St.','Moore','IN','56227',13,'12/16/2004',NULL,'03/07/1969','100','715-312-6099','707-433-6192','481-450-5327','quis@liberoatauctor.edu'),(583,'Paul','Blackburn','Nicholas','Mr.','6277 Cras Rd.','Princeton','DE','70825',9,'10/03/2000',NULL,'05/11/1959','84','774-987-3116','424-953-5905','775-443-8789','sit.amet.diam@rutrum.com'),(584,'Emmanuel','Clements','Knox','','359-5395 Gravida Road','Truth or Consequences','AK','28899',12,'09/19/2000',NULL,'07/15/1982','43','549-432-7867','106-797-2665','280-771-9509','Phasellus.at@Nullamlobortisquam.com'),(585,'Wing','Small','Mohammad','Mrs.','9255 Ac, Av.','Fargo','IL','12975',15,'09/30/2003',NULL,'05/13/1955','97','756-700-5285','957-127-7248','944-205-5858','tellus.sem@velit.com'),(586,'Ina','Hendrix','Marcia','Dr.','3758 Pede, Rd.','Lancaster','NM','95677',16,'06/19/2001',NULL,'06/21/1965','112','973-177-5346','114-656-1826','230-939-7766','libero.Integer@Namconsequat.ca'),(587,'Hayes','Guzman','Lenore','Mr.','1792 Nascetur Road','Yakima','KS','75624',4,'01/23/2008',NULL,'02/18/1942','126','239-338-3304','196-252-4797','363-165-2680','quis@acsemut.com'),(588,'Buckminster','Lane','Leigh','','Ap #895-4169 Elit, Ave','Woonsocket','ND','05380',17,'10/01/2002',NULL,'12/03/1969','15','238-950-4691','347-995-4675','416-494-7364','dui.nec@condimentumDonecat.edu'),(589,'Kerry','Morgan','Mallory','Mrs.','678-9408 Malesuada St.','Westfield','MT','29924',5,'06/16/2006',NULL,'10/06/1985','16','519-238-4877','424-244-6718','978-418-8713','quis.diam@pede.com'),(590,'Sean','Ray','Martena','Ms.','6260 Nisi Rd.','Palos Verdes Estates','CO','07900',16,'10/24/2002',NULL,'10/08/1984','144','181-567-3580','205-955-1325','662-963-7864','sodales@Vestibulum.ca'),(591,'Jenette','Dixon','Sydney','Ms.','5239 Accumsan St.','Morgantown','ME','04464',5,'08/13/2005',NULL,'10/31/1986','102','664-678-7197','938-830-3667','159-508-6756','hymenaeos.Mauris@scelerisquelorem.com'),(592,'Tanek','Oneill','Nigel','','740-4937 Odio. St.','Fitchburg','NJ','93007',10,'04/30/2003',NULL,'04/24/1964','109','836-338-3312','481-204-3412','954-681-5182','lorem@Namac.edu'),(593,'Sylvester','Colon','Leigh','Mrs.','P.O. Box 239, 2754 A, Street','Idabel','UT','47540',12,'10/08/2008',NULL,'03/23/1964','75','636-656-6475','402-414-2540','194-850-9027','Cras.lorem.lorem@leo.edu'),(594,'Jin','Owens','Chastity','','Ap #825-3126 Feugiat. St.','Santa Clarita','WV','83920',9,'10/27/2008',NULL,'04/16/1974','111','324-574-6385','351-436-1787','342-655-7734','elit@lacus.com'),(595,'Emmanuel','Valentine','Karina','Mr.','334-5491 Nec Rd.','West Haven','AK','04987',16,'03/20/2008',NULL,'11/20/1949','33','467-222-9219','219-100-5036','232-736-9844','neque.Nullam.nisl@necurnaet.org'),(596,'Zoe','Watkins','Abbot','Mrs.','P.O. Box 973, 7014 In St.','Manhattan','HI','20235',4,'07/22/2008',NULL,'11/19/1973','38','613-844-9571','328-984-9225','549-342-2700','enim@vitae.com'),(597,'Cameron','Caldwell','Aretha','Mr.','Ap #477-8019 Dolor, Rd.','Roswell','ME','67798',1,'05/23/2004',NULL,'05/25/1950','47','168-255-1759','525-166-8159','357-104-4170','Fusce.mollis@tellusPhasellus.com'),(598,'Olivia','Ramirez','Samuel','Mr.','916-5414 Ut, Avenue','Allentown','KS','78035',15,'04/27/2004',NULL,'12/25/1962','49','377-560-3583','146-766-7704','697-734-6916','Integer.vulputate@nuncinterdum.edu'),(599,'Timon','Harper','Jacob','Mrs.','Ap #979-1403 Purus St.','Arvada','VT','20898',16,'11/26/2008',NULL,'01/04/1966','50','369-538-8876','133-602-5097','582-905-9991','convallis.ligula@portaelit.org'),(600,'Adrian','Mcfarland','Quin','Mrs.','P.O. Box 220, 6802 Nam Rd.','Newburyport','CO','94724',10,'06/09/2004',NULL,'05/03/1957','32','246-227-4749','109-183-6860','328-393-7591','augue@scelerisquedui.edu');
UNLOCK TABLES;

DROP TABLE IF EXISTS `states`;
CREATE TABLE `states` (
  `id` mediumint(9) NOT NULL auto_increment,
  `state` char(2) default NULL,
  PRIMARY KEY  (`id`)
) ENGINE=MyISAM AUTO_INCREMENT=52 DEFAULT CHARSET=latin1;

LOCK TABLES `states` WRITE;
INSERT INTO `states` VALUES (1,'AL'),(2,'AK'),(3,'AZ'),(4,'AK'),(5,'CA'),(6,'CO'),(7,'CT'),(8,'DE'),(9,'DC'),(10,'FL'),(11,'GA'),(12,'HI'),(13,'ID'),(14,'IL'),(15,'IN'),(16,'IA'),(17,'KS'),(18,'KY'),(19,'LA'),(20,'ME'),(21,'MD'),(22,'MA'),(23,'MI'),(24,'MN'),(25,'MS'),(26,'MO'),(27,'MT'),(28,'NE'),(29,'NV'),(30,'NH'),(31,'NJ'),(32,'NM'),(33,'NY'),(34,'NC'),(35,'ND'),(36,'OH'),(37,'OK'),(38,'OR'),(39,'PA'),(40,'RI'),(41,'SC'),(42,'SD'),(43,'TN'),(44,'TX'),(45,'UT'),(46,'VT'),(47,'VA'),(48,'WA'),(49,'WV'),(50,'WI'),(51,'WY');
UNLOCK TABLES;
