{
    "records": [
        {
            "status" : true,
            "id": "241",
            "firstname": "Venus",
            "lastname": "Acevedo",
            "middle": "Iona",
            "title": "Dr.",
            "maritalstatus": "Divorced",
            "street": "975-4076 Accumsan Rd.",
            "city": "San Fernando",
            "state": "AK",
            "department": "Customer Service",
            "datehired": "2002-10-15 17:40:58",
            "dob": "1944-01-03 00:22:20",
            "zip": "62848",
            "salary": "0",
            "fullName": "Acevedo, Venus"
        },
        {
            "status" : false,

            "id": "883",
            "firstname": "Stone",
            "lastname": "Acevedo",
            "middle": "Murphy",
            "title": "",
            "maritalstatus": "Single",
            "street": "Ap #296-1609 Nascetur St.",
            "city": "Clarksville",
            "state": "DE",
            "department": "Payroll",
            "datehired": "2005-12-27 16:18:25",
            "dob": "1965-11-09 02:18:13",
            "zip": "80668",
            "salary": "0",
            "fullName": "Acevedo, Stone"
        },
        {
            "status" : true,

            "id": "1726",
            "firstname": "Hillary",
            "lastname": "Acevedo",
            "middle": "Bevis",
            "title": "Dr.",
            "maritalstatus": "Single",
            "street": "Ap #170-115 Adipiscing, Rd.",
            "city": "Beckley",
            "state": "KS",
            "department": "Human Resources",
            "datehired": "2003-08-15 10:10:38",
            "dob": "1962-09-14 23:07:36",
            "zip": "57104",
            "salary": "0",
            "fullName": "Acevedo, Hillary"
        },
        {
            "id": "31",
            "firstname": "Lydia",
            "lastname": "Acosta",
            "middle": "Genevieve",
            "title": "Mr.",
            "maritalstatus": "Common-Law",
            "street": "2446 Ipsum Street",
            "city": "Huntsville",
            "state": "GA",
            "department": "Finances",
            "datehired": "2005-11-29 14:26:41",
            "dob": "1986-01-11 23:46:59",
            "zip": "97985",
            "salary": "0",
            "fullName": "Acosta, Lydia"
        },
        {
            "id": "48",
            "firstname": "Joan",
            "lastname": "Acosta",
            "middle": "Jermaine",
            "title": "",
            "maritalstatus": "Divorced",
            "street": "7447 Sed Street",
            "city": "Salem",
            "state": "ID",
            "department": "Research and Development",
            "datehired": "2002-12-30 14:49:46",
            "dob": "1953-09-14 11:23:32",
            "zip": "87752",
            "salary": "0",
            "fullName": "Acosta, Joan"
        },
        {
            "id": "602",
            "firstname": "Cadman",
            "lastname": "Acosta",
            "middle": "Carissa",
            "title": "",
            "maritalstatus": "Single",
            "street": "P.O. Box 830, 1080 Magna Road",
            "city": "Athens",
            "state": "MA",
            "department": "Sales and Marketing",
            "datehired": "2008-05-18 13:01:19",
            "dob": "1952-02-18 02:32:23",
            "zip": "63549",
            "salary": "0",
            "fullName": "Acosta, Cadman"
        },
        {
            "id": "1214",
            "firstname": "Minerva",
            "lastname": "Acosta",
            "middle": "Matthew",
            "title": "Mr.",
            "maritalstatus": "Married",
            "street": "997-5660 Curabitur St.",
            "city": "New Iberia",
            "state": "LA",
            "department": "Customer Service",
            "datehired": "2003-05-14 17:19:09",
            "dob": "1969-12-08 12:52:49",
            "zip": "39439",
            "salary": "0",
            "fullName": "Acosta, Minerva"
        },
        {
            "id": "1228",
            "firstname": "Quyn",
            "lastname": "Acosta",
            "middle": "Walker",
            "title": "Dr.",
            "maritalstatus": "Common-Law",
            "street": "4301 Sed St.",
            "city": "Appleton",
            "state": "WY",
            "department": "Accounting",
            "datehired": "2004-03-12 20:24:57",
            "dob": "1955-01-13 22:02:50",
            "zip": "56516",
            "salary": "0",
            "fullName": "Acosta, Quyn"
        },
        {
            "id": "1365",
            "firstname": "Carly",
            "lastname": "Adkins",
            "middle": "Hedwig",
            "title": "Mr.",
            "maritalstatus": "Married",
            "street": "6587 Tincidunt Ave",
            "city": "New York",
            "state": "CT",
            "department": "Payroll",
            "datehired": "2002-05-13 17:04:35",
            "dob": "1943-04-06 12:20:32",
            "zip": "57766",
            "salary": "0",
            "fullName": "Adkins, Carly"
        },
        {
            "id": "109",
            "firstname": "Elliott",
            "lastname": "Aguirre",
            "middle": "Elliott",
            "title": "Mrs.",
            "maritalstatus": "Single",
            "street": "824-6296 Ut Av.",
            "city": "Manhattan",
            "state": "CT",
            "department": "Tech Support",
            "datehired": "2006-09-05 12:54:46",
            "dob": "1949-11-07 01:27:45",
            "zip": "08534",
            "salary": "0",
            "fullName": "Aguirre, Elliott"
        },
        {
            "id": "386",
            "firstname": "Clementine",
            "lastname": "Aguirre",
            "middle": "Kiara",
            "title": "Dr.",
            "maritalstatus": "Married",
            "street": "P.O. Box 920, 3151 Enim. Avenue",
            "city": "Richmond",
            "state": "MS",
            "department": "Human Resources",
            "datehired": "2001-07-11 21:05:58",
            "dob": "1985-10-21 03:26:12",
            "zip": "25390",
            "salary": "0",
            "fullName": "Aguirre, Clementine"
        },
        {
            "id": "986",
            "firstname": "Jamalia",
            "lastname": "Aguirre",
            "middle": "Desirae",
            "title": "Mr.",
            "maritalstatus": "Common-Law",
            "street": "572-1521 Lacus, Ave",
            "city": "Fargo",
            "state": "RI",
            "department": "Legal Department",
            "datehired": "2005-04-30 10:55:38",
            "dob": "1942-06-27 16:05:48",
            "zip": "74005",
            "salary": "0",
            "fullName": "Aguirre, Jamalia"
        },
        {
            "id": "1106",
            "firstname": "Veda",
            "lastname": "Aguirre",
            "middle": "Carl",
            "title": "Mrs.",
            "maritalstatus": "Single",
            "street": "1137 Nibh St.",
            "city": "Alameda",
            "state": "MA",
            "department": "Quality Assurance",
            "datehired": "2005-12-20 22:52:19",
            "dob": "1948-10-15 13:45:03",
            "zip": "83794",
            "salary": "0",
            "fullName": "Aguirre, Veda"
        },
        {
            "id": "1764",
            "firstname": "Victor",
            "lastname": "Aguirre",
            "middle": "Odysseus",
            "title": "Ms.",
            "maritalstatus": "Divorced",
            "street": "8548 Habitant Av.",
            "city": "Sitka",
            "state": "WV",
            "department": "Quality Assurance",
            "datehired": "2003-06-26 07:50:59",
            "dob": "1948-03-18 06:05:52",
            "zip": "20640",
            "salary": "0",
            "fullName": "Aguirre, Victor"
        },
        {
            "id": "1052",
            "firstname": "Quyn",
            "lastname": "Albert",
            "middle": "Odette",
            "title": "Mr.",
            "maritalstatus": "Common-Law",
            "street": "799-2978 Augue Road",
            "city": "Cairo",
            "state": "SC",
            "department": "Public Relations",
            "datehired": "2003-07-13 05:59:56",
            "dob": "1955-07-11 14:43:49",
            "zip": "72064",
            "salary": "0",
            "fullName": "Albert, Quyn"
        },
        {
            "id": "1249",
            "firstname": "Veda",
            "lastname": "Albert",
            "middle": "Teagan",
            "title": "Mrs.",
            "maritalstatus": "Married",
            "street": "Ap #518-6244 Amet Road",
            "city": "Myrtle Beach",
            "state": "WY",
            "department": "Payroll",
            "datehired": "2006-09-02 22:09:24",
            "dob": "1955-08-08 06:40:47",
            "zip": "99407",
            "salary": "0",
            "fullName": "Albert, Veda"
        },
        {
            "id": "1538",
            "firstname": "Adrian",
            "lastname": "Albert",
            "middle": "Rafael",
            "title": "Ms.",
            "maritalstatus": "Married",
            "street": "194-1221 Natoque Street",
            "city": "Prescott",
            "state": "MO",
            "department": "Sales and Marketing",
            "datehired": "2009-03-21 21:50:50",
            "dob": "1943-04-14 14:22:43",
            "zip": "55426",
            "salary": "0",
            "fullName": "Albert, Adrian"
        },
        {
            "id": "300",
            "firstname": "Ross",
            "lastname": "Alford",
            "middle": "Jessamine",
            "title": "",
            "maritalstatus": "Single",
            "street": "755-5744 Eu, St.",
            "city": "Irwindale",
            "state": "TN",
            "department": "Media Relations",
            "datehired": "2008-03-02 17:05:09",
            "dob": "1989-12-30 18:38:38",
            "zip": "24607",
            "salary": "0",
            "fullName": "Alford, Ross"
        },
        {
            "id": "694",
            "firstname": "Upton",
            "lastname": "Alford",
            "middle": "Sydney",
            "title": "Ms.",
            "maritalstatus": "Married",
            "street": "820-7676 Eget St.",
            "city": "Saginaw",
            "state": "OH",
            "department": "Advertising",
            "datehired": "2005-10-10 18:10:59",
            "dob": "1960-11-22 04:37:37",
            "zip": "67510",
            "salary": "0",
            "fullName": "Alford, Upton"
        },
        {
            "id": "1301",
            "firstname": "Donna",
            "lastname": "Alford",
            "middle": "Wang",
            "title": "Ms.",
            "maritalstatus": "Divorced",
            "street": "760-7522 Mauris Rd.",
            "city": "Elkhart",
            "state": "NM",
            "department": "Accounting",
            "datehired": "2003-05-26 06:00:30",
            "dob": "1969-07-17 20:42:15",
            "zip": "70390",
            "salary": "0",
            "fullName": "Alford, Donna"
        }
    ]
}