[
    {
        "numHires": 63,
        "numFires": 0,
        "year": 2000,
        "retained": 0,
        "total": 63
    },
    {
        "numHires": 68,
        "numFires": 0,
        "year": 2001,
        "retained": 63,
        "total": 131
    },
    {
        "numHires": 61,
        "numFires": 0,
        "year": 2002,
        "retained": 131,
        "total": 192
    },
    {
        "numHires": 55,
        "numFires": 0,
        "year": 2003,
        "retained": 192,
        "total": 247
    },
    {
        "numHires": 83,
        "numFires": 0,
        "year": 2004,
        "retained": 247,
        "total": 330
    },
    {
        "numHires": 56,
        "numFires": 0,
        "year": 2005,
        "retained": 330,
        "total": 386
    },
    {
        "numHires": 75,
        "numFires": 0,
        "year": 2006,
        "retained": 386,
        "total": 461
    },
    {
        "numHires": 66,
        "numFires": 0,
        "year": 2007,
        "retained": 461,
        "total": 527
    },
    {
        "numHires": 73,
        "numFires": 0,
        "year": 2008,
        "retained": 527,
        "total": 600
    },
    {
        "numHires": 0,
        "numFires": 0,
        "year": 2009,
        "retained": 600,
        "total": 610
    },
    {
        "numHires": 40,
        "numFires": 0,
        "year": 2010,
        "retained": 610,
        "total": 650
    },
    {
        "numHires": 0,
        "numFires": 100,
        "year": 2011,
        "retained": 650,
        "total": 500
    }
]